"Channel Title","Channel URL","Channel ID",Position,"Video Title","Video URL","Video ID","Publish Date",Duration,Views,Description,"Thumbnail URL","Availability Status"
"Meen Thaisub",https://www.youtube.com/@meenthaisub,UC3INtPxO33d5mSLLYRnxLgQ,1,"Psychogram [Thai cover by meen]",https://www.youtube.com/watch?v=WrjjBjY0rGQ,WrjjBjY0rGQ,2026-07-12T11:28:49Z,03:45,78,"ฉันคลั่งรักเธอมากเหลือเกิน
หมายถึงเหล่าคนดู--- (?)

คิดถึงสุดๆ แต่ก็มาๆหายๆแบบนี้แหละฮะ
ช่วงนี้ค่อนข้างเหนื่อยกับหลายๆอย่างเลย
แต่ได้หาเพลงร้องได้ก็ทำให้ชีวิตมีสีสันบ้าง
ไม่ดีไม่แย่ มาช้า แต่ยังอยู่นะคะ อิอิ

Music: DECO*27
Arrangement: Rockwell

Movie by OTOIRO
Director & Animator: ろづ希
Logo Design: DMYM
BG Illustrator: No.734
Editor: イノウエマナ
Supervisor: akka

https://youtu.be/VE4wegMHIMk?si=rszYIG9hLz4Au4Br

Thank you Thai lyrics : BEARISS
https://youtu.be/lABgrirFYuc?si=yjmVOGi3jsgDkfpm

Thank you Mix : zxbara
https://www.youtube.com/channel/UC-ROc4i4FMJN0fyMINFAYPw

Thank you for watching ^_^",https://i.ytimg.com/vi/WrjjBjY0rGQ/hqdefault.jpg,available
"Meen Thaisub",https://www.youtube.com/@meenthaisub,UC3INtPxO33d5mSLLYRnxLgQ,2,"ベルセルク Berserk [Thai ver by Meen]",https://www.youtube.com/watch?v=lrsN9oeGaO8,lrsN9oeGaO8,2026-06-23T13:13:16Z,03:14,109,"ดองจนเค็ม ดองจนบูด
เพลงที่ว่าจะทำตั้งแต่แรกๆที่ได้รู้จักกับมือมิกซ์
จนตอนนี้เผชิญชีวิตวัยทำงานกันละ
พึ่งจะได้ลง สภาพ--- XD

lyrics : Meen x zxbara

Original Song
Movie : まふてる
Music : まふまふ
https://youtu.be/ZeDGODkAoxU?si=yrYANMJQdifyBOrv

Thank you Mix : zxbara
https://www.youtube.com/channel/UC-ROc4i4FMJN0fyMINFAYPw

Thank you for watching ^_^",https://i.ytimg.com/vi/lrsN9oeGaO8/hqdefault.jpg,available
"Meen Thaisub",https://www.youtube.com/@meenthaisub,UC3INtPxO33d5mSLLYRnxLgQ,3,"携帯恋話 Keitai Renwa [Cover by Meen]",https://www.youtube.com/watch?v=eVGeWOGNK3g,eVGeWOGNK3g,2026-03-06T13:00:06Z,04:17,138,"มาช้า แต่พยายามจัดเต็มทุกครั้งที่กลับมา YT
วันนี้วันเกิดมีนอีกครั้ง เย่ !
พอดีกับมือมิกซ์ทำงานเสร็จพอเลย เลยลงวันนี้ซะเลย

เพลงนี้เป็นเพลงแห่งความทรงจำของ Meen สมัยเรียนมหาลัยเลย
ถ้าใครเลยดูเวอร์ชั่นเดอะแก้ง นั่นแหละ คิดถึงแก้งนี้สุดๆ
ก็...ไม่รู้จะพิมพ์อะไร ก็หวังว่าจะยังอยู่ด้วยกันและชอบผลงานนะคะ

Original Song
歌／作詞作編曲
まふまふ
https://www.youtube.com/watch?v=bNagYg_YGbU

Thank you Mix : zxbara
https://www.youtube.com/channel/UC-ROc4i4FMJN0fyMINFAYPw

Thank you for watching ^_^",https://i.ytimg.com/vi/eVGeWOGNK3g/hqdefault.jpg,available
"Meen Thaisub",https://www.youtube.com/@meenthaisub,UC3INtPxO33d5mSLLYRnxLgQ,4,"Bad Apple!! (SEKAI) [Thai cover by meen]",https://www.youtube.com/watch?v=FioxYZcxcIg,FioxYZcxcIg,2026-01-25T12:00:06Z,03:52,349,"แอปแย่ในตำนาน BUT Sekai Version XD

『Bad Apple!! feat.SEKAI』
25時、ナイトコードで。 × 初音ミク
https://youtu.be/v-fc1zv31zE?si=yH7m8x-6wqBMH1Ks

Thank you Thai lyrics : tamania090
https://youtu.be/a96l8cEwiOI?si=kK6DTWFyw-hKy9cc

Thank you Mix : zxbara
https://www.youtube.com/channel/UC-ROc4i4FMJN0fyMINFAYPw

Thank you for watching ^_^",https://i.ytimg.com/vi/FioxYZcxcIg/hqdefault.jpg,available
"Meen Thaisub",https://www.youtube.com/@meenthaisub,UC3INtPxO33d5mSLLYRnxLgQ,5,"Love And Deepspace theme song [Thai cover by Meen]",https://www.youtube.com/watch?v=INGrMwbJOnY,INGrMwbJOnY,2025-11-07T13:00:07Z,03:30,131,"ครั้งนี้มาแปลก เพราะโดนเพื่อนป้ายจนหนักกว่าเพื่อน 555
ถ้าใครถาม... หนูเมนดงแอปเปิ้ลค่ะ อิอิ

Original Song : Love And Deepspace (Sarah Brightman)
https://youtu.be/urONohYpdVA?si=riJbzh4_SGFef2xD

Thank you Thai lyrics : FAHPAH
https://youtu.be/9PkvDmC9YSA?si=qHSarGmBujvWD61Q

Thank you Mix : zxbara
https://www.youtube.com/channel/UC-ROc4i4FMJN0fyMINFAYPw

Thank you for watching ^_^",https://i.ytimg.com/vi/INGrMwbJOnY/hqdefault.jpg,available
"Meen Thaisub",https://www.youtube.com/@meenthaisub,UC3INtPxO33d5mSLLYRnxLgQ,6,"心做し (Kokoronashi) [Thai cover by Meen]",https://www.youtube.com/watch?v=GVynhCvh86g,GVynhCvh86g,2025-07-07T13:00:06Z,04:30,375,"หาอะไรลงช่องที่แทบจะร้างอยู่แล้ว มาทีไรปัดฝุ่นทุกที
หลังๆมาหมดไฟในการแปลเองมากเลยค่ะ แต่ก็พยายามอยู่
วันนี้ก็หาเพลงลงได้บ้างซักที หวังว่าจะชอบนะคะ

Original Song
Music & Lyrics : papiyon (ChouchouP) 
https://youtu.be/3SkNrZnoK5w?feature=shared

Thank you Thai lyrics : crin
https://www.facebook.com/notes/1262591210751775/

Thank you Mix : zxbara
https://www.youtube.com/channel/UC-ROc4i4FMJN0fyMINFAYPw

Thank you for watching ^_^",https://i.ytimg.com/vi/GVynhCvh86g/hqdefault.jpg,available
"Meen Thaisub",https://www.youtube.com/@meenthaisub,UC3INtPxO33d5mSLLYRnxLgQ,7,"Mozaik Role (Reloaded) [Thai cover by Meen]",https://www.youtube.com/watch?v=T8BG8rwgcK4,T8BG8rwgcK4,2025-03-09T08:00:31Z,02:40,704,"ไม่ได้ทักทายกันเลยตั้งแต่ปีใหม่
ปีนี้ Meen ค่อนข้างหมดไฟค่ะQvQ ทั้งงานเอย เล่นเอย ไม่เป็นอันทำอะไรเลย
อาจจะไม่ค่อยมีแปลเองเท่าไหร่ แต่จะหาเพลงมา Cover เรื่อยๆนะคะ
อันนี้ก็ถือว่าวอร์ม ยังไม่ค่อยมีแรงเท่าไหร่ แต่ก็อยากร้อง แฮะๆ
ต้องขออภัยสำหรับผู้ติดตามด้วยนะคะ

Original Song
Lyrics & Music: DECO*27 
Arrangement: Rockwell
Movie by OTOIRO
Movie Director: DMYM
Art Director / Designer: yuka fujii
Illustrator: 83
Motion Graphics Designer: GA
Project Manager: Iori Maijma
Sound Product Manager: Yusuke Sato
https://youtu.be/WysuxO4yR04?feature=shared

Thank you Thai lyrics : Yutake

Thank you Mix : zxbara
https://www.youtube.com/channel/UC-ROc4i4FMJN0fyMINFAYPw

Thank you for watching ^_^",https://i.ytimg.com/vi/T8BG8rwgcK4/hqdefault.jpg,available
"Meen Thaisub",https://www.youtube.com/@meenthaisub,UC3INtPxO33d5mSLLYRnxLgQ,8,"ULTRA C [Thai ver by Meen x zxbara]",https://www.youtube.com/watch?v=vRzLr-vkN2Y,vRzLr-vkN2Y,2024-12-27T13:00:06Z,03:01,554,"เพลงนี้มันเกิดจากที่พี่ชายของเราอยากจะ Go all outtttttt
เลยถามย้ำว่าแล้วเนื้อไหน เนื้อไทยไง ใครเขียน Meen เอง 55555+
ไม่หรอกฮะ ถือว่าช่วยๆกัน ได้ร้องแหกตาก็สนุกดี 55
ก็ถือโอกาศเอามาลงวันเกิดหนูรินเลนซะเลย หวังว่าจะชอบนะฮะ

lyrics : Meen x zxbara
https://www.smule.com/song/thai-ver-by-meen-th-ultra-c-karaoke-lyrics/21076864_21076864/arrangement

Original Song
Vocal : Rin・Len
Music : TeddyLoid https://x.com/TeddyLoidSpace
　　　　Giga https://x.com/GigaMozuku
Lyrics : Reol https://x.com/RRReol
Illust : △○□× https://x.com/miwasiba
Movie : 筆者 https://x.com/ohissya
                 お菊 https://x.com/__Lizel
https://youtu.be/KF9Mu2gXNdI?feature=shared

Thank you Translate : DINSOR Zz
https://youtu.be/aqsySGxK9P4?feature=shared

Thank you Mix and Vocal : zxbara
https://www.youtube.com/channel/UC-ROc4i4FMJN0fyMINFAYPw

Thank you for watching ^_^",https://i.ytimg.com/vi/vRzLr-vkN2Y/hqdefault.jpg,available
"Meen Thaisub",https://www.youtube.com/@meenthaisub,UC3INtPxO33d5mSLLYRnxLgQ,9,"The Poor Rabbit's Song (บทเพลงกระต่ายผู้เศร้าหมอง) [Thai ver by Meen]",https://www.youtube.com/watch?v=8uzvamM9sjE,8uzvamM9sjE,2024-10-31T11:00:16Z,01:21,172,"เป็นฮาโลวีนที่กระชั้นชิดมาก แบบอยากทำเพลงนะแต่เวลาไม่พอเท่าไหร่
เลยหาเพลงอัดใน Smule ง่ายๆ และก็นึกถึงเพลงนี้
ใครรู้จักคือไม่ธรรมดาเลยล่ะ เพลงเก่ามากและต้นฉบับก็หายไปหมดแล้วด้วย
(และนี่ก็ขยันหาซะด้วย 55555)
Happy Halloween นะฮับทุกคน !

Thank you for watching ^_^",https://i.ytimg.com/vi/8uzvamM9sjE/hqdefault.jpg,available
"Meen Thaisub",https://www.youtube.com/@meenthaisub,UC3INtPxO33d5mSLLYRnxLgQ,10,"Twilight Light (แสงสนธยา) [Thai ver by Meen]",https://www.youtube.com/watch?v=WfUlrhIbvaY,WfUlrhIbvaY,2024-09-27T12:00:31Z,03:18,"1,121","สปอยเพลงตั้งแต่ต้นปี ลงอีกทีเกือบหมดปีแล้ว 55
แต่เพราะเราอยากทำให้มันออกมาดีที่สุด
ก็คิดว่าได้เวลาอันสมควรที่จะได้ปล่อยเพลงนี้ซักที
หวังว่าทุกคนจะชอบนะฮะ

Thai lyrics : Meen Thaisub
https://www.smule.com/song/thai-ver-by-meen-th-twilight-light-karaoke-lyrics/20729863_20729863/arrangement

Original Song
Lyrics, Music, Arrangement : Toa
Illustration : Satoshi Bouno
https://youtu.be/ydb05OX2U7M?feature=shared

Thank you Video : プロジェクトセカイ カラフルステージ! feat. 初音ミク
https://youtu.be/dk13KyWwZn4?feature=shared

Thank you Mix : zxbara
https://www.youtube.com/channel/UC-ROc4i4FMJN0fyMINFAYPw

Thank you for watching ^_^",https://i.ytimg.com/vi/WfUlrhIbvaY/hqdefault.jpg,available
"Meen Thaisub",https://www.youtube.com/@meenthaisub,UC3INtPxO33d5mSLLYRnxLgQ,11,"Anonymous M (ชื่อนิรนาม M) [Thai ver by Meen x zxbara]",https://www.youtube.com/watch?v=t1hAqjPw778,t1hAqjPw778,2024-08-31T13:30:07Z,02:40,"1,098","เราก็นิรนาม M นะ :D
ตอนแรกเลยคิดว่าจะเล่นชื่อตัวเองซะแล้ว
แต่ก็คิดว่า ไม่ได้นะ นี่ไม่ใช่เพลงของเธอ
เป็นของ Hatsune ---- อ๊ะ นิรนาม M ต่างหาก :P

ว่าแล้วต้องขอบคุณเสียงของ zxbara ที่มาร่วมจอยด้วยนะฮะ :D
สนุกมากเลย ไม่ต้องอายเสียงฮะเสียงหล่อแล้ว อิอิ

Thai lyrics : Meen Thaisub
https://www.smule.com/song/thai-ver-by-meen-th-anonymous-m-karaoke-lyrics/20625932_20625932/arrangement?utm_source=web&utm_campaign=share&utm_medium=copylink

Original Song : PinocchioP
music, lyrics, illustration, video : PinocchioP
3DCG : あるし
https://youtu.be/yiqEEL7ac6M?feature=shared

Thank you Mix and Vocal : zxbara
https://www.youtube.com/channel/UC-ROc4i4FMJN0fyMINFAYPw

Thank you for watching ^_^",https://i.ytimg.com/vi/t1hAqjPw778/hqdefault.jpg,available
"Meen Thaisub",https://www.youtube.com/@meenthaisub,UC3INtPxO33d5mSLLYRnxLgQ,12,"RAD DOGS [Thai ver by Meen]",https://www.youtube.com/watch?v=i9FQDLfk7L4,i9FQDLfk7L4,2024-06-05T13:00:07Z,03:50,708,"กลับมาอย่างยิ่งใหญ่ 
ร้อง 5 เสียงคนเดียว !
พยายามมากตัวฉัน
ไม่มีอะไรจะพูดมากนอกจาก...
หวังว่าทุกคนจะชอบนะ แฮะๆ

lyrics
https://www.smule.com/song/thai-ver-by-meen-th-rad-dogs-karaoke-lyrics/20279724_20279724/arrangement?utm_source=web&utm_campaign=share&utm_medium=copylink

Original Song
Arranger, Composer : HachiojiP
Lyricist : q*Left
https://youtu.be/ikCebevls90?feature=shared

Thank you video : プロジェクトセカイ カラフルステージ! feat. 初音ミク
https://youtu.be/ZMbWDpC1N7s?feature=shared

Thank you Translate : 
https://youtu.be/TKWpZLugDHM?feature=shared
https://youtu.be/URFxe_007PE?feature=shared

Thank you Mix : zxbara 
https://www.youtube.com/channel/UC-ROc4i4FMJN0fyMINFAYPw

Thank you for watching ^_^",https://i.ytimg.com/vi/i9FQDLfk7L4/hqdefault.jpg,available
"Meen Thaisub",https://www.youtube.com/@meenthaisub,UC3INtPxO33d5mSLLYRnxLgQ,13,"The Disease Called Love (โรคที่เรียกว่าความรัก) [Thai ver by Meen]",https://www.youtube.com/watch?v=JXthmrysjJk,JXthmrysjJk,2024-05-06T13:00:07Z,03:52,722,"มือมิกซ์ทำเป็นว่างอยากได้เพลงนี้จัด 555
เป็นการเอาเพลงเก่ามาปัดฝุ่น เนื้อเพลงก็เป็นตั้งแต่สมัยนู้น ไม่ได้เปลี่ยนใหม่ให้สวยหรูอะไร เรียกว่าร้องเอามันมือมิกซ์ล้วนๆ 555
ขอให้สนุกนะคะ อิอิ

lyrics
https://www.smule.com/song/thai-ver-by-meen-th-the-disease-called-love-karaoke-lyrics/7423795_7423795/arrangement?utm_source=web&utm_campaign=share&utm_medium=copylink

Original Song : Neru & z'5
https://youtu.be/2IH-toUoq3w?feature=shared

Thank you Mix : zxbara
https://www.youtube.com/channel/UC-ROc4i4FMJN0fyMINFAYPw

Thank you for watching ^_^",https://i.ytimg.com/vi/JXthmrysjJk/hqdefault.jpg,available
"Meen Thaisub",https://www.youtube.com/@meenthaisub,UC3INtPxO33d5mSLLYRnxLgQ,14,"Unknown Mother-Goose [Thai cover by Meen]",https://www.youtube.com/watch?v=vKkyZ_PvwKI,vKkyZ_PvwKI,2024-04-05T02:00:06Z,04:47,"1,732","เพลงนี้แด่ท่าน Wowaka 

นี่คือเพลงสุดท้ายที่ท่านให้เด็กสาวคนนั้นร้องออกมา
แม้จะเจ็บปวด แต่นี่ก็เป็นเพลงที่เปี่ยมไปด้วยความรัก
และเด็กสาวคนนั้นจะร้องมันต่อไป

Original Song : wowaka
https://youtu.be/P_CSdxSGfaA?feature=shared

Thank you Thai lyrics : AY-jin
https://youtu.be/uKPrzh7O_U4?feature=shared

Thank you Mix : zxbara
https://www.youtube.com/channel/UC-ROc4i4FMJN0fyMINFAYPw

Thank you for watching ^_^",https://i.ytimg.com/vi/vKkyZ_PvwKI/hqdefault.jpg,available
"Meen Thaisub",https://www.youtube.com/@meenthaisub,UC3INtPxO33d5mSLLYRnxLgQ,15,"Twilight Light [Cover by Meen]",https://www.youtube.com/watch?v=k7qoxsuP1AY,k7qoxsuP1AY,2024-02-14T13:00:42Z,03:22,289,"เหตุเกิดจากช่วงนี้อัดเพลงผ่าน Smule จนมือมิกซ์ทักว่า
ส่งอะไรมาให้มิกซ์บ้างเถิดมือฝืด 555
ช่วงนี้ทุกคนรู้ Meen ชอบเพลงนี้มากขนาดไหน
เลยส่งไปให้คนมิกซ์ได้มิกซ์สมใจ

เป็นเพลงรับวันวาเลนไทน์พอดี มือมิกซ์งานไวต้องชม(?)
เพลงที่ได้ร้องของปีนี้ค่อนข้างดีนะ
อย่าลืมรักตัวเองและทุก ๆ คนที่ปรารถนาดีกับเราด้วยล่ะ !

Original Song
Lyrics, Music, Arrangement : Toa
Illustration : Satoshi Bouno
https://youtu.be/ydb05OX2U7M?feature=shared

Thank you Mix : zxbara 
(ไปอุดหนุนมือมิกซ์ได้นะค้าบเดี๋ยวเค้ามือฝืดไปมากกว่านี้ 555)
https://www.youtube.com/channel/UC-ROc4i4FMJN0fyMINFAYPw

Thank you for watching ^_^",https://i.ytimg.com/vi/k7qoxsuP1AY/hqdefault.jpg,available
"Meen Thaisub",https://www.youtube.com/@meenthaisub,UC3INtPxO33d5mSLLYRnxLgQ,16,"強風オールバック Kyoufuu All Back [Cover by Meen]",https://www.youtube.com/watch?v=hZMa2pZowS8,hZMa2pZowS8,2024-01-13T02:00:15Z,02:17,283,"วันเด็กไม่รู้จะทำอะไรก็โคฟเพลงนี้ละกัน 555
กำลังมีแผนว่าจะกลับมารีเพลงเก่าๆสมัยไมค์กากให้เจ๋งขึ้นล่ะ
หรือใครอยากให้ทำอะไรลองเสนอมาได้นะฮะ

Original Song : Yukopi
・Music & Lyrics : ゆこぴ (https://twitter.com/yukopipikku)
・Animation: 小津 (https://twitter.com/Oz_yarimasu)
・Vocal : 歌愛ユキ
・Movie : ゆこぴ
・OffVocal  :  https://bit.ly/3Bq0Jnf
https://youtu.be/D6DVTLvOupE?si=Ug5YS0mDYuS3KqZZ

Thank you for watching ^_^",https://i.ytimg.com/vi/hZMa2pZowS8/hqdefault.jpg,available
"Meen Thaisub",https://www.youtube.com/@meenthaisub,UC3INtPxO33d5mSLLYRnxLgQ,17,"Twilight Light [Project Sekai Version / Thai short ver by Meen]",https://www.youtube.com/watch?v=-zpDfef-gRU,'-zpDfef-gRU,2024-01-11T12:00:00Z,01:51,834,"คลิปแรกของปีนี้ เรียกว่าสปอยเนื้อเพลงก็ได้(?)
ถึงจะร้องได้ครึ่งเพลงแต่ก็มีคนอยากร้องเต็มเพลงใช่ไหมล่ะ?
เราก็อยากร้องเต็มเพลงนะ แต่ยังไม่เสร็จ ปล่อยแค่นี้ก่อน 555

...เดี๋ยวนะทำไมคุ้นมาก--- ปีที่แล้วก็แบบนี้เลยนี่หว่า 55555

อยู่ในช่วงทดสอบเนื้อเพลงแปลไทยสั้น ๆ อีกครั้งหากมีเนื้อเพลงท่อนไหนควรแก้ไขสามารถติชมได้และหากมีผิดพลาดประการใดต้องขออภัยอย่างยิ่ง

ถ้าใครอยากฟังเนื้อไทยเต็มเพลงก็คอมเมนต์บอกไว้นะ อิอิ

Original Song : とあ
https://youtu.be/ydb05OX2U7M?feature=shared

Thank you 3DMV : https://youtu.be/DpfT5yVEJvk?feature=shared

Thank you for watching ^_^",https://i.ytimg.com/vi/-zpDfef-gRU/hqdefault.jpg,available
"Meen Thaisub",https://www.youtube.com/@meenthaisub,UC3INtPxO33d5mSLLYRnxLgQ,18,"月光 (Moonlight - แสงจันทรา) [Thai ver by Meen]",https://www.youtube.com/watch?v=pnP0o6ZZKHM,pnP0o6ZZKHM,2023-10-12T11:00:07Z,03:56,853,"นี่คือเพลงที่ได้ผลโหวดให้ทำเนื้อเพลงแปลไทยมากที่สุดในโพลที่ผ่านมา
เป็นเพลงที่เหนื่อยมาก ๆ แต่ก็ได้ร้องออกมาแล้ว
หวังว่าทุกคนจะชอบนะคะ

lyrics
https://www.smule.com/song/thai-ver-by-meen-th-moonlight-%E6%9C%88%E5%85%89-karaoke-lyrics/19325573_19325573/arrangement?utm_source=web&utm_campaign=share&utm_medium=copylink

Original Song
「月光」
Words, Music, Arrange : キタニタツヤ × はるまきごはん
https://youtu.be/8TghOw3v61k?feature=shared
feat. 初音ミク & 鏡音リン Version
https://youtu.be/SaX0By61S3U?feature=shared

Thank you Thai Translate : 
https://youtu.be/PbxGM0ErxUs?feature=shared
https://youtu.be/0gwWr9aOIg4?feature=shared

Thank you Mix : zxbara
https://www.youtube.com/channel/UC-ROc4i4FMJN0fyMINFAYPw

Thank you for watching ^_^",https://i.ytimg.com/vi/pnP0o6ZZKHM/hqdefault.jpg,available
"Meen Thaisub",https://www.youtube.com/@meenthaisub,UC3INtPxO33d5mSLLYRnxLgQ,19,"Live เล่นเกม PDMM+ ฉลองวันเกิด Miku !!",https://www.youtube.com/watch?v=wqqulRBElOw,wqqulRBElOw,2023-09-01T03:43:46Z,02:38:26,150,"Hatsune Miku: Project DIVA Mega Mix+
ไม่ได้ไลฟ์แบบนี้มานานมากเลย กลัวจะแป๊กเหมือนกันแฮะ 555
ไลฟ์นี้ Meen จัดการเองคนเดียวเลย ถ้าเกิดปัญหาอะไรต้องขออภัยด้วยนะฮะ QwQ;;

แผนการไลฟ์
ก่อน 20.00 น. 
___เตรียมไลฟ์ , พูดคุย

20.00 - 21.00 น. 
___เล่นเกม PDMM+ ด้วยโจทย์ "" วันเกิด Miku เพลงที่มี Miku เท่านั้น ! ""

21.00 - 22.00 น. 
___เล่นเกม PDMM+ เก็บตก สามารถเสนอเพลงที่ต้องการในเกมได้
___พูดคุย ปิดไลฟ์

สุขสันต์วันเกิด Miku จัง !
ขอบคุณสำหรับเสียงเพลงที่ไพเราะของเธอนะ !

Music : Waiting for You - BGM presented by Kei Morimoto
Promoted by : zozo funframe 
https://youtu.be/wC_w0LJ4azA?feature=shared
Original Link : 
https://youtu.be/sHPwOtCICsU?feature=shared",https://i.ytimg.com/vi/wqqulRBElOw/hqdefault.jpg,available
"Meen Thaisub",https://www.youtube.com/@meenthaisub,UC3INtPxO33d5mSLLYRnxLgQ,20,"Kagerou Daze [Thai cover by Meen]",https://www.youtube.com/watch?v=x8LgLfPKbG8,x8LgLfPKbG8,2023-08-15T05:00:06Z,03:57,510,"ถ้าพูดถึงวันที่ 15 สิงหา แล้วคุณรู้จักเพลงนี้ เราค่อนข้างมีอายุแล้วนะ 555
ใด ๆ คือชอบ Miku โมเดลนี้มาก อย่างเท่ Miku แบบซาโตชิ XD

Original Song
Jin (music, lyrics)
Shidu (illustration, video)

Thank you Thai lyrics : Ay-Jin
https://youtu.be/7Qaxmx15WCk

Thank you Video : 
https://youtu.be/DPruf_f_Y3s

Thank you Off Vocal : 
https://youtu.be/QRaogrHLG9k

Thank you for watching ^_^",https://i.ytimg.com/vi/x8LgLfPKbG8/hqdefault.jpg,available
"Meen Thaisub",https://www.youtube.com/@meenthaisub,UC3INtPxO33d5mSLLYRnxLgQ,21,"Kuyamu to kaite mirai (บาดแผลสร้างอนาคตจากนี้ไป) [Thai ver by Meen]",https://www.youtube.com/watch?v=u4tKbq0Us30,u4tKbq0Us30,2023-05-17T13:00:10Z,03:54,"4,004","กลับมาอย่างยิ่งใหญ่(มั้ง)
หายไปนานมาก และจะหายไปอีกนาน
เพราะไม่รู้จะทำเพลงอะไรต่อแล้ว
แต่นานๆทีก็จะมีโอกาสแวะกลับมาทำแบบนี้แหละ

คลิปนี้ยังเสียดายนิดหน่อยที่ร้องไม่สุดขนาดนั้น
แต่ต้องขอบคุณท่าน zxbara อย่างยิ่งที่ทำให้เพลงออกมาดีกว่าที่คิดมากเลย !
และหวังว่าทุกคนจะชอบด้วยนะ !

lyrics
https://www.smule.com/song/thai-ver-by-meen-th-kuyamu-to-kaite-mirai-karaoke-lyrics/18697615_18697615/arrangement

Original Song
Music&Lyrics : Mafumafu
Illust  : 456
Movie  : Yuma Saito
https://youtu.be/r2OS97F6P_U

Thank you Translate : 
https://youtu.be/Omx1ZQcXpWw
https://youtu.be/N2oTQklhYeY

Thank you Mix : zxbara
https://www.youtube.com/channel/UC-ROc4i4FMJN0fyMINFAYPw

Thank you for watching ^_^",https://i.ytimg.com/vi/u4tKbq0Us30/hqdefault.jpg,available
"Meen Thaisub",https://www.youtube.com/@meenthaisub,UC3INtPxO33d5mSLLYRnxLgQ,22,"Kuyamu to kaite mirai [Project Sekai Version / Thai short ver by Meen]",https://www.youtube.com/watch?v=YNcTnyY9W08,YNcTnyY9W08,2023-01-10T10:40:25Z,01:51,"1,081","หมายเหตุ : เมื่อกี้ลบคลิปไปเพิ่มเสียงนะ เมื่อกี้เบาไป เด๋อQwQ;; ขออภัยค้าบ

คลิปแรกของปีนี้ เรียกว่าสปอยเนื้อเพลงก็ได้(?)
ถึงจะร้องได้ครึ่งเพลงแต่ก็มีคนอยากร้องเต็มเพลงใช่ไหมล่ะ?
เราก็อยากร้องเต็มเพลงนะ แต่ยังไม่เสร็จ ปล่อยแค่นี้ก่อน 555

คลิปนี้ตอนแรกตั้งใจจะอัดเล่นทดสอบเนื้อเพลง
แต่พอทำไปทำมามันดีกว่าที่คิดซะอีก =w= (?)
เพราะฉะนั้น คลิปนี้ไม่ได้ตั้งใจทำ Short Ver 
(ซึ่งปกติก็ไม่ค่อยอยากทำเท่าไหร่เพราะคิดว่ามันไม่สุด(???))
หรือคลิปร้องประสานเสียงแบบ Project Sekai ตั้งแต่แรกเลย
หากมีส่วนที่ผิดพลาดประการใด ต้องขออภัย ณ ที่นี่ด้วย

ถ้าใครอยากฟังเนื้อไทยเต็มเพลงก็คอมเมนต์บอกไว้นะ อิอิ

Original Song : まふまふちゃんねる
https://www.youtube.com/watch?v=r2OS97F6P_U

Thank you 3DMV : プロジェクトセカイ カラフルステージ! feat. 初音ミク
https://youtu.be/an_gDTrVdHo

Thank you for watching ^_^",https://i.ytimg.com/vi/YNcTnyY9W08/hqdefault.jpg,available
"Meen Thaisub",https://www.youtube.com/@meenthaisub,UC3INtPxO33d5mSLLYRnxLgQ,23,"Q [Thai Cover by Meen]",https://www.youtube.com/watch?v=VFWqjIrxfmY,VFWqjIrxfmY,2022-11-22T10:03:25Z,04:20,605,"ไม่มีอะไรจะพูดเท่าไหร่นอกจากว่าเพลงนี้อัดผ่าน Smule นะคะ
https://www.smule.com/recording/powapowap-q-thai-ver-taritajung-bookiezz/1616145435_4507477578?channel=Copy-Link
แล้วก็ตอนนี้ไม่มีแผนแปลเพลงอะไรเลย ช่วงนี้อาจจะมีแต่เพลง Cover นะคะ
เพลงนี้เล่นเอาเสียงแหบช่วงกรี๊ดเลย แฮะๆ หวังว่าจะชื่นชอบนะคะ

Original Song
music, lyrics : Powapowa-P 
Originak Vocal : Kagamine Rin
https://www.nicovideo.jp/watch/sm19898621

Thank you Thai lyrics : TaritaJung & Bookiezz
https://youtu.be/VkFdbJi2J_w

Thank you for watching ^_^",https://i.ytimg.com/vi/VFWqjIrxfmY/hqdefault.jpg,available
"Meen Thaisub",https://www.youtube.com/@meenthaisub,UC3INtPxO33d5mSLLYRnxLgQ,24,"Tarantula [Thai ver by Meen]",https://www.youtube.com/watch?v=7dZP-rhaXMc,7dZP-rhaXMc,2022-10-31T15:00:08Z,03:39,279,"เพลงนี้เป็นเพลงที่ถูกปัดตกไปจากตัวเลือกเพลง Halloween ปีที่แล้วค่ะ
และ Meen พึ่งกลับมาทำคลิปหลังจากติดภารกิจมานานแสนนาน
ช่องร้างเกินไปแล้วลงคลิปเถิดQwQ

เพลงเก่าแต่คลังเหมาะสำหรับคนรักแมงมุมแบบ Meen (ไม่เกี่ยว 55)

Original Song
Music, lyrics: momocashew
https://youtu.be/HcWEJWzjdTo
..........

lyrics 
(เพลงนี้ขออนุญาตไม่ลง Smule 
แต่ถ้าใครอาสาจะนำไปลงก็ให้เครดิตคนแปลด้วยนะคะ)

ความเงียบงัน
เธอนั้น คืบคลาน 
ผ่านปลายลิ้นที่สั่นคลอ
เริ่มเกิด
รอยเท้า ที่เดินผ่าน 
เคลิบเคลิ้ม แสนประหลาด
อย่าย้อนกลับ
ปลายหนาม ทิ่มแทง 
สอดประสานหลอมรวมในจิตใจ
จนรู้สึก
และแล้ว เส้นประสาท 
แตกสลายสู่ Climax
สตินั้นกลับวอดวาย
ความคิดต่างหายไป
กับสัมผัสของเธอ

ภาพที่คิดเหล่านั้น
เข้าใจผิดนั้น
สร้างสิ่งเหล่านั้น
หรือโกหกนั้น
หลอมละลายฉัน
ทรมานฉัน
แปรเปลี่ยนตัวฉัน
ให้ฉันสิ้นสลาย

กัดลงไป
ดื่มกินเลือดเนื้อของเธอ 
กลืนเข้าไป 
สัมผัสรสชาติเธอในนั้น 
ทุกอย่างต่างหล่อหลอม
รอบกายถาโถมวุ่นวาย
และฉันก็ชนะเธอ

แม้จะน่ารังเกียจก็ตาม
ความคิดวกวนซ้ำมา
จนอาเจียนทุกสิ่งทิ้งไป
และสุดท้ายฉันชนะเธอ

..........

Thank you for watching ^_^",https://i.ytimg.com/vi/7dZP-rhaXMc/hqdefault.jpg,available
"Meen Thaisub",https://www.youtube.com/@meenthaisub,UC3INtPxO33d5mSLLYRnxLgQ,25,"Dorado no Higeki (โศกนาฏกรรมสีทอง) [Thai ver by Meen]",https://www.youtube.com/watch?v=t4ovTMwG6TU,t4ovTMwG6TU,2022-06-09T05:00:12Z,05:01,"1,613","สารภาพว่าตอนแรกมาฟังเพลงนี้เพราะปกเพลงมันสวยมากกกกกกก ส่วนเนื้อหาของเพลง ก็งดงาม~
เรียกว่าเป็นเพลงที่อีก 1 สัปดาห์ก็จะครบ 1 ปีพอดี แต่จะลงวันนี้อ่ะ แฮะๆ
อะไรนะ ลิขสิทธิ์ .... QwQ;;

lyrics
https://www.smule.com/song/thai-ver-by-meen-th-dorado-no-higeki-%E0%B9%82%E0%B8%A8%E0%B8%81%E0%B8%99%E0%B8%B2%E0%B8%8F%E0%B8%81%E0%B8%A3%E0%B8%A3%E0%B8%A1%E0%B8%AA-%E0%B8%97%E0%B8%AD%E0%B8%87-karaoke-lyrics/17021578_17021578/arrangement

Original Song
Original Song & Off Vocal : 傘村トータ
Kasamura Toota (music, lyrics, tuning)
Original Singer：IA & Fukase (vocaloid)
illust ：鴻いちと ( https://piapro.jp/lionell )
https://youtu.be/QoUsw8SZ0og

Thank you Translate : Devilprincesses
https://youtu.be/UYxgpF4KGlE

Thank you Mix : zxbara
https://www.youtube.com/channel/UC-ROc4i4FMJN0fyMINFAYPw

Thank you for watching ^_^",https://i.ytimg.com/vi/t4ovTMwG6TU/hqdefault.jpg,available
"Meen Thaisub",https://www.youtube.com/@meenthaisub,UC3INtPxO33d5mSLLYRnxLgQ,26,"Kodoku no Nami ni Sarawarenai you ni (อย่าถูกคลื่นแห่งความเหงาพัดพาไป) [Thai ver by Meen]",https://www.youtube.com/watch?v=zChTOPpwFWk,zChTOPpwFWk,2022-03-06T14:00:12Z,05:15,864,"孤独の波にさらわれないように
Kodoku no Nami ni Sarawarenai you ni

วันเกิดปีนี้เป็นเพลงของท่าน 傘村トータ อีกครั้งหรอเนี่ย
จริง ๆ เป็นเพลงที่ติดภารกิจเยอะมากกว่าจะได้ลง
ได้ลงผลงานซักทีนับว่าเป็นคลิปวันเกิดอีกครั้งละกัน

ปล.พึ่งเห็นว่าในคลิปพิมพ์เนื้อผิดเป็น""ผ่านพา"" บ้าจริงงานเผาQvQ;; ขออภัยด้วยค่ะQwQ;;
แต่ในลิ้งค์เนื้อเพลงใต้คลิปนี้แก้ให้ถูกต้องแล้วนะคะQwQ;;

lyrics
https://www.smule.com/song/thai-ver-by-meen-th-kodoku-no-nami-ni-sarawarenai-you-ni-karaoke-lyrics/16517753_16517753/arrangement

Original Song & Off Vocal : 傘村トータ
Kasamura Toota (music, lyrics, tuning)
Sakisato Kirico (illust) https://piapro.jp/t/9eoP
Nekomura Iroha (Original Singer)
https://www.youtube.com/watch?v=HWWtJx6Q2Os

Thank you Thai Translate : DevilPrincesses
https://www.youtube.com/watch?v=wjDlNNYl9-4

Thank you Mix : zxbara
https://www.youtube.com/channel/UC-ROc4i4FMJN0fyMINFAYPw

Thank you for watching ^_^",https://i.ytimg.com/vi/zChTOPpwFWk/hqdefault.jpg,available
"Meen Thaisub",https://www.youtube.com/@meenthaisub,UC3INtPxO33d5mSLLYRnxLgQ,27,"再生 (Saisei - เกิดใหม่) [Thai ver by Meen]",https://www.youtube.com/watch?v=Q4Ov7LG4rqU,Q4Ov7LG4rqU,2022-02-14T13:00:12Z,04:26,"4,408","再生 
Saisei
Reborn

บางทีก็สงสัยนะว่าช่องนี้เป็นอะไรชอบบ่อยเพลงแบบนี้วันวาเลนไทน์ =w=;;
ก็นะ วาเลนไทน์ไม่ใช่วันความแห่งรักสำหรับทุกคน
Meen เชื่อแบบนั้นเสมอน่ะนะ

ขออภัยที่หายไปนานมาก และอาจจะยังเงียบ ๆ ร้าง ๆ ในช่วงนี้
งานมหาลัยมันถาโถมมากจริง ๆ แต่ก็ยังรู้สึกดีที่ได้ร้องเพลงที่อยากร้องอยู่
// ถึงแม้ว่าเพลงนี้จะอัดในหอแล้วเกรงใจคนข้างห้องก็เถอะ แฮะๆ QwQ

lyrics
https://www.smule.com/song/thai-ver-by-meen-th-%E5%86%8D%E7%94%9F-saisei-%E0%B9%80%E0%B8%81-%E0%B8%94%E0%B9%83%E0%B8%AB%E0%B8%A1-karaoke-lyrics/16398771_16398771/arrangement

Original Song & Off Vocal : 
Picon (music, lyrics, video)
https://www.youtube.com/watch?v=purlnb5K_jM

Thank you Translate : 
https://vocaloidlyrics.fandom.com/wiki/%E5%86%8D%E7%94%9F_(Saisei)/Picon
Thank you Thai Translate : DINSOR Zz 
https://www.youtube.com/watch?v=0NiqKgjCmNg

Thank you for watching ^_^",https://i.ytimg.com/vi/Q4Ov7LG4rqU/hqdefault.jpg,available
"Meen Thaisub",https://www.youtube.com/@meenthaisub,UC3INtPxO33d5mSLLYRnxLgQ,28,"Kagome Kagome (มาล้อมวง มาล้อมวง) [Thai Cover by Meen]",https://www.youtube.com/watch?v=KGUp3WEMMRk,KGUp3WEMMRk,2021-10-31T16:00:13Z,05:32,"4,552","Happy Halloween จ้า !
อยากทำคลิปฮาโลวีนแบบเร่งรัด
ก็ทำเองให้หมดสิคะ ร้องใน Smule ด้วยความรวดเร็ว
// โดนเพื่อนฝ่ายมิกซ์โกรธแน่เลยแฮะ ๆ QwQ;;;
#VoccaloiderHalloween

Original Song
""かこめかこめ""
Kakome Kakome
Circle You, Circle You
Zawazawa-P (music, lyrics)

Thai Cover & Illustration : Meen Thaisub

Thank you Thai lyrics : Lunacat
https://www.facebook.com/notes/749381499268439/

(Font : iannnnn
https://www.f0nt.com/release/iannnnnsos/ )

Thank you for watching ^_^",https://i.ytimg.com/vi/KGUp3WEMMRk/hqdefault.jpg,available
"Meen Thaisub",https://www.youtube.com/@meenthaisub,UC3INtPxO33d5mSLLYRnxLgQ,29,"August 31 /  8月31日 [Thai cover by Meen]",https://www.youtube.com/watch?v=s3jt9uHp9H4,s3jt9uHp9H4,2021-08-31T03:00:30Z,03:40,686,"สุขสันต์วันเกิดนะมิคุจัง
ขอบคุณที่เธอเกิดมาร้องเพลงให้พวกเรานะ
อ่า...ลิขสิทธิ์อีกแล้ว QwQ;;;

Original Song
DECO*27 - 8月31日 feat. 初音ミク / 8/31 feat.Hatsune Miku
Music: DECO*27
Arrangement: 40mP, kous
Illustration: awoko
https://www.youtube.com/watch?v=WlXW5O-YX7w

Thank you Acoustic Arrange : Natanael
https://www.youtube.com/watch?v=RCUL6DiiGag

Thank you Thai lyrics : Play Plai
https://www.facebook.com/aya.justmyname.9/posts/212356364156997

Thank you Mix : JR DoNut
https://www.youtube.com/channel/UCyAe2Fl0ltaxNHUAx5thoIQ

Thank you for watching ^_^",https://i.ytimg.com/vi/s3jt9uHp9H4/hqdefault.jpg,available
"Meen Thaisub",https://www.youtube.com/@meenthaisub,UC3INtPxO33d5mSLLYRnxLgQ,30,"⠀⠀⠀⠀⠀⠀⠀⠀ ⠀⠀⠀⠀⠀⠀⠀[Thai ver by Meen]",https://www.youtube.com/watch?v=SE-7T3t_RpM,SE-7T3t_RpM,2021-08-13T11:30:12Z,02:14,"4,035","Original Song : @XYXYZ (@x0o0x_)
Original Vocal : Flower / Hatsune Miku

Thai lyrics : Meen
illust & Movie : Meen

lyrics
https://www.smule.com/song/thai-ver-by-meen-karaoke-lyrics/15288750_15288750/arrangement

Original Song
https://www.youtube.com/watch?v=Rcsg3vWfnWw

Thank you Thai Sub : bell4210
https://www.youtube.com/watch?v=tspsx1zQjYM

Special Thanks : Zeno Vagrant
https://www.youtube.com/channel/UCUOhCyJcMC7Xpr4ybfiP0Dw/featured

Thank you for watching",https://i.ytimg.com/vi/SE-7T3t_RpM/hqdefault.jpg,available
"Meen Thaisub",https://www.youtube.com/@meenthaisub,UC3INtPxO33d5mSLLYRnxLgQ,31,"Haitoku no Hana (ดอกไม้ไร้ศีลธรรม) [Thai cover by Meen]",https://www.youtube.com/watch?v=pqzzTgDM0_s,pqzzTgDM0_s,2021-06-06T10:00:12Z,04:19,"1,520","เพลงนี้ค่อนข้างเก่าและเป็นเพลงที่ซุ่มฝึกคอรัสนานมาก คิดว่าพอใจแล้วล่ะ
ลิขสิทธิ์โดนแน่นอน แต่อยากร้องมาก ๆ ค่ะ QvQ;;; ขออภัยด้วย

เนื้อเพลงของคุณ Saintsitive ค่ะ งานของท่านดีมากจริง ๆ เหมือนวรรณกรรมเลย 
Meen นี้สู้ไม่ไหวเลยค่ะ Fc สุดๆนะคะท่าน Saintsitive

Hitoshizuku-P (music, lyrics)
Yama△ (music)
Suzunosuke (illustration)

ขอขอบคุณต้นฉบับ
https://www.youtube.com/watch?v=ISHzNGDhX8A

ขอขอบคุณเนื้อเพลงแปลไทย
https://www.youtube.com/watch?v=CY1gfPoZf8g

และขอบคุณทุกท่านที่รับชมค่ะ ^_^",https://i.ytimg.com/vi/pqzzTgDM0_s/hqdefault.jpg,available
"Meen Thaisub",https://www.youtube.com/@meenthaisub,UC3INtPxO33d5mSLLYRnxLgQ,32,"Empty Prayer (คำอธิษฐานอันว่างเปล่า) [Thai ver by Meen]",https://www.youtube.com/watch?v=8gz2otavUBQ,8gz2otavUBQ,2021-05-20T03:00:15Z,03:51,"3,829","ในที่สุดคลิปแปลเพลงก็กลับมา~
วันนี้ลงคลิปก่อนเที่ยงเพราะไม่ได้นอน(?)
ยังไม่ช่ำเรื่องไมค์ใหม่เท่าไหร่ แต่คิดว่าทำคลิปออกมาดีแล้วนะคะ แฮะๆ
ปล.เนื้อเพลงฟอนต์ทับกันเล็กน้อย ต้องขออภัยด้วยค่ะ QvQ;;

movie:アボガド6
https://twitter.com/avogado6

guitar:和田たけあき
https://twitter.com/WADATAKEAKI

Engineering:中村リョーマ
https://twitter.com/oh_myfriendjohn

music:Lanndo/ぬゆり
https://twitter.com/nulut

เนื้อเพลง
https://www.smule.com/song/thai-ver-by-meen-th-empty-prayer-karaoke-lyrics/14702499_14702499/arrangement

ขอขอบคุณวีดิโอต้นฉบับและ off vocal
https://www.youtube.com/watch?v=CoGVCO99ubM

ขอขอบคุณแหล่งเพลงแปล
https://www.youtube.com/watch?v=qC37oMtC60w
https://www.youtube.com/watch?v=lTGcXmQlVoE

และขอบคุณทุกท่านที่รับชมค่ะ ^_^",https://i.ytimg.com/vi/8gz2otavUBQ/hqdefault.jpg,available
"Meen Thaisub",https://www.youtube.com/@meenthaisub,UC3INtPxO33d5mSLLYRnxLgQ,33,"[Re-make] How To Sekai Seifuku [Thai cover by Meen]",https://www.youtube.com/watch?v=G6SS_Nw9L1Q,G6SS_Nw9L1Q,2021-04-19T14:00:17Z,03:35,"2,002","ในที่สุดก็ได้กลับมาลงงาน~
หลังจากโดนเพื่อนแกงแล้ว เราก็กลับมาพร้อมไมค์ใหม่ เพิ่มเติมคือยังไม่ช่ำเท่าไหร่ แต่ก็พยายามอยู่นะ
เอาเพลงเก่ามาร้องใหม่เป็นอะไรที่ดีมากกกก Reจาก 5 ปีที่แล้ว สุดยอดไปเยย
จนถึงตอนนี้ก็ยังรู้สึกว่าเพลงนี้ท่าน AYjin ร้องเองเพราะสุด 55+ // FC นะคะท่าน AYjin  :D

Song & Words : Neru
Illustration & Movie : しづ Shidu

ขอขอบคุณเนื้อเพลงจากท่าน AYjin 
https://soundcloud.com/ayjin/how-to-sekai-seifuku-piano-thai-ver

ขอขอบคุณวีดิโอต้นฉบับ
https://www.youtube.com/watch?v=HdC2cB_DZok

และขอบคุณทุกท่านที่รับชมค่ะ ^_^",https://i.ytimg.com/vi/G6SS_Nw9L1Q/hqdefault.jpg,available
"Meen Thaisub",https://www.youtube.com/@meenthaisub,UC3INtPxO33d5mSLLYRnxLgQ,34,"携帯恋話 โดนเพื่อนแกง(?) [Cover shot ver. by Meen & เดอะแก้ง?]",https://www.youtube.com/watch?v=ZL9r5SQQSd4,ZL9r5SQQSd4,2021-03-02T07:00:09Z,02:21,679,"*คำเตือน*
คลิปเกิดจากการที่เพื่อนร่วมเรียนในคณะของ Meen ซื้อไมค์ใหม่แล้วลาก Meen ไปอัดเสียงแล้วแล้วรวม ๆ ทำเป็นคลิปเสร็จภายใน 1 วัน โดยที่คนทำ MV บังคับให้ลง ไม่งั้นคนวาด ไม่มีโปรเจคงาน(วิชาอื่น)ส่ง

歌／作詞作編曲
まふまふ
https://www.youtube.com/watch?v=bNagYg_YGbU

Vocal By Meen

Mix By JR Donut
https://www.youtube.com/channel/UCyAe2Fl0ltaxNHUAx5thoIQ
Video By Six 
https://www.youtube.com/channel/UC4gEhAm4B9qE86fYIsjdZiA
Illust(Sleep) By Kent
https://www.youtube.com/channel/UCB1Zl55OGW8t8LMXpCSpHbA

ก็เป็นความบันเทิงและความบ้างานเล่นมากกว่างานเรียนของเดอะแก้งของ Meen นั่นแหละค่ะ คลิปนี้เป็นฝีมือจากเดอะแก้งของ Meen เอง ถ้าไม่ชอบยังไงก็เครดิตงานใครทำอะไรดูเอาแล้วกันนะคะ หรือถ้าอยากมีตอนต่อไปของเดอะแก้งก็แสดงความคิดเห็นได้นะคะ ฮาาาา 

ปล. ณ เวลาลงคลิปนี้ แอบอู้จากการเรียนออนไลน์กันอยู่ค่ะ 55",https://i.ytimg.com/vi/ZL9r5SQQSd4/hqdefault.jpg,available
"Meen Thaisub",https://www.youtube.com/@meenthaisub,UC3INtPxO33d5mSLLYRnxLgQ,35,"Sayonara Boku no Hero (ลาก่อนนะ ฮีโร่ของผม) [Thai ver by Meen]",https://www.youtube.com/watch?v=4v6VHIqSL8E,4v6VHIqSL8E,2020-12-31T14:43:59Z,06:11,"1,972","เฮ้อ... นึกว่าจะไม่ทันสิ้นปี ทันจนได้
เพลงนี้เริ่มทำตั้งแต่เนื้อร้องจนเป็นคลิปภายใน 1 สัปดาห์ได้ 
ก็กรุ่น ๆ จากเตาเลยค่ะ แอบไหม้ไปนิดนึง แฮะ ๆ
ลาก่อนปีเก่า เราจะเติบโตขึ้นไปอีกปีนะ
หวังว่าทุกคนจนชอบนะคะ 

Kasamura Toota (music, lyrics)
Hatsune Miku (vocal original)
_O2_sanso_(Illust)

เนื้อเพลง
https://www.smule.com/song/thai-ver-by-meen-th-%E0%B8%A5%E0%B8%B2%E0%B8%81-%E0%B8%AD%E0%B8%99%E0%B8%99%E0%B8%B0-%E0%B8%AE-%E0%B9%82%E0%B8%A3-%E0%B8%82%E0%B8%AD%E0%B8%87%E0%B8%9C%E0%B8%A1-karaoke-lyrics/13735244_13735244/arrangement

ขอขอบคุณไทยซับ
https://www.youtube.com/watch?v=xHNsl7AmEsc

ขอขอบคุณรูปภาพและคาราโอเกะ
https://www.youtube.com/watch?v=ib8-PeMrMjo

และขอบคุณทุกท่านที่รับชมค่ะ ^_^",https://i.ytimg.com/vi/4v6VHIqSL8E/hqdefault.jpg,available
"Meen Thaisub",https://www.youtube.com/@meenthaisub,UC3INtPxO33d5mSLLYRnxLgQ,36,"学校を休んだ日のこと (ในวันที่ฉันไม่ได้ไปโรงเรียน) [Thai ver by Meen]",https://www.youtube.com/watch?v=6FLbYdn5JI8,6FLbYdn5JI8,2020-12-16T11:00:30Z,04:01,822,"หายไปเนิ่นนาน คุณภาพงานเท่าเดิม---
ลงคลิปช้าไม่ใช่อะไรค่ะ ซ่าอยากทำMVเองล้วน ๆ 55+

เพลงนี้เริ่มแต่งช่วงที่เค้าเกิดการชุมนุมกันค่ะ เพราะเนื้อหาของเพลงและบรรยากาศตอนนั้นมันพาไปมั้งคะ ทำให้ฟังแต่เพลงวนลูปตลอดเวลาเลยในช่วงนั้น ก็เป็นที่มาของเพลงนี้ 

ที่ตลกคือ...วันนี้ที่ลงเพลงนี้ Meen ไม่ได้ไปมหาลัยจริง ๆ ค่ะ จู่ ๆ อาจารย์ก็งดคลาสกะทันหัน ช่างตรงกับเพลงซะจริง 55+

คุณภาพงานเท่าเดิมจริง ๆ ค่ะ... // เหงื่อตก // หวังว่าจะไม่ทำให้ผิดหวังนะคะ QwQ

เนื้อเพลง
https://www.smule.com/song/thai-ver-by-meen-th-%E0%B9%83%E0%B8%99%E0%B8%A7-%E0%B8%99%E0%B8%97-%E0%B8%89-%E0%B8%99%E0%B9%84%E0%B8%A1-%E0%B9%84%E0%B8%94-%E0%B9%84%E0%B8%9B%E0%B9%82%E0%B8%A3%E0%B8%87%E0%B9%80%E0%B8%A3-%E0%B8%A2%E0%B8%99-karaoke-lyrics/13732768_13732768/arrangement

ขอขอบคุณต้นฉบับและคาราโอเกะ
https://www.youtube.com/watch?v=9Lve8kzgdgA

และขอบคุณทุกท่านที่รับชมค่ะ ^_^",https://i.ytimg.com/vi/6FLbYdn5JI8/hqdefault.jpg,available
"Meen Thaisub",https://www.youtube.com/@meenthaisub,UC3INtPxO33d5mSLLYRnxLgQ,37,"Bella Donna ! Bella Donna ! [Thai ver by Meen]",https://www.youtube.com/watch?v=iT4Hq9avIbU,iT4Hq9avIbU,2020-11-12T04:52:37Z,01:28,"3,435","กลับมาจากหอแล้วค่า~
ขอวอมด้วยเพลงนี้ก่อนละกัน
อยากร้องตั้งแต่เพลงออกมาใหม่ ๆ แล้ว
พึ่งกลับมายังนึกเพลงไม่ค่อยออก
แต่จะพยายามทำคลิปในช่วงปิดเทอมประมาณ 3 สัปดาห์นี้นะคะ

เนื้อเพลง
https://www.smule.com/song/thai-ver-by-meen-th-bella-donna-bella-donna-karaoke-lyrics/13734350_13734350/arrangement

ต้นฉบับ
https://www.youtube.com/watch?v=YrtiClZKzBA

ขอขอบคุณรูปภาพ
https://twitter.com/IdentityVJP/status/1281513505493889024?s=19

และขอบคุณทุกท่านที่รับชมค่ะ ^_^",https://i.ytimg.com/vi/iT4Hq9avIbU/hqdefault.jpg,available
"Meen Thaisub",https://www.youtube.com/@meenthaisub,UC3INtPxO33d5mSLLYRnxLgQ,38,"KING (by Kanaria) [Thai cover by Meen]",https://www.youtube.com/watch?v=XEZO1X4IoKQ,XEZO1X4IoKQ,2020-09-07T12:00:08Z,02:16,"4,813","ขอซักเพลงก่อนกลับเข้าหอน่า!!?
// คลิปนี้ทำหยาบ ๆ ด้วยการอัดเพลงใน Smule และตัดต่อแบบเกรียม ๆ
หากมีข้อผิดพลาดประการใดต้องขออภัยนะฮะ

ขอขอบคุณวีดิโอต้นฉบับ
https://youtu.be/cm-l2h6GB8Q

ขอขอบคุณเนื้อเพลงแปลไทย
https://youtu.be/AOvTuqUzmYg

และขอบคุณทุกท่านที่รับชมค่ะ ^_^",https://i.ytimg.com/vi/XEZO1X4IoKQ/hqdefault.jpg,available
"Meen Thaisub",https://www.youtube.com/@meenthaisub,UC3INtPxO33d5mSLLYRnxLgQ,39,"Sacrifice (ผู้เสียสละ) [Thai ver by Meen]",https://www.youtube.com/watch?v=HltRliatLH4,HltRliatLH4,2020-07-06T13:00:12Z,04:17,"3,209","สวัสดีค่าาา เปิดเทอมกันแล้วสินะคะ Meen เรียนออนไลน์อยู่ที่บ้านค่ะ รอวันเปิดเรียนใกล้ๆนี้ หวังว่าทุกคนจะสบายดีนะคะ ^ ^
เนื่องจากตอนไฟลุกแต่งเพลงจนเสร็จ 100% ก็พึ่งเห็นว่า มันใกล้วันที่เพลงนี้ลง Youtube ครบรอบ 1 ปีพอดี เลยขอลงวันนี้ไปเลยแล้วกัน // ว้าว ดองมาปีนึงเลยหรือนี่ 555+  // หลัง ๆ ตอนอัดเพลงเริ่มเหนื่อย ได้เท่านี้ค่ะ ขายเนื้อเพลงเป็นหลักตามเคย อิอิ เพลงต่อไปอะไรนี่นะ~ คอมเม้นหน่อยนะคะ

Illust　　　　　　　　　 ノヤ　https://twitter.com/noya_macoto
Animation Illust / Movie　まふてる　https://twitter.com/uni_mafuteru
Piano/Strings　　　　　 三矢禅晃　https://twitter.com/Gibson_Mitsuya
Music&Lyrics / Arrangement
まふまふ　https://twitter.com/uni_mafumafu

เนื้อเพลง
https://www.smule.com/song/thai-ver-by-meen-th-sacrifice-%E0%B8%9C-%E0%B9%80%E0%B8%AA-%E0%B8%A2%E0%B8%AA%E0%B8%A5%E0%B8%B0-karaoke-lyrics/12317287_12317287/arrangement

ขอขอบคุณวีดิโอ
https://www.youtube.com/watch?v=boLiYzE3xM8

ขอขอบคุณแหล่งเพลงแปล
https://www.youtube.com/watch?v=AM43A9MPsAM
https://www.wattpad.com/775080129-song-lyrics-english-sacrifice-by-mafumafu

ขอขอบคุณคาราโอเกะ
https://www.youtube.com/watch?v=Nj9Cv5boOtU

และขอบคุณทุกท่านที่รับชมค่ะ ^_^",https://i.ytimg.com/vi/HltRliatLH4/hqdefault.jpg,available
"Meen Thaisub",https://www.youtube.com/@meenthaisub,UC3INtPxO33d5mSLLYRnxLgQ,40,"Romeo and Cinderella [Thai ver by Meen]",https://www.youtube.com/watch?v=mrab6AbX2j0,mrab6AbX2j0,2020-06-10T03:00:10Z,04:42,"4,714","นาน ๆ จะมาทีนะช่องนี้ 55
กักตัวจนขี้เกียจไปซะทุกอย่างแล้วค่ะ 555+
ก็ได้มาลงคลิปซักที เย่----
เพลงนี้แต่งไว้นานมากเลยค่ะ
แต่ก็ไม่ได้ร้องซักที
ถึงขั้นว่าแฟนคลับชิงร้องใน Smule ไปแล้วค่ะ 
ให้ตายสิ 555
ก็ได้ร้องซักที เคลียร์ไปอีกหนึ่งเพลงแล้ว 
หวังว่าจะชอบกันนะคะ ^^

doriko (music, lyrics)
Kiru (guitar)
nezuki (Original illustration)

เนื้อเพลง
https://www.smule.com/song/thai-ver-by-meen-th-romeo-and-cinderella-karaoke-lyrics/8606851_8606851/arrangement

ขอขอบคุณซับไทย
https://www.youtube.com/watch?v=_i4mm9mGCm0
https://www.youtube.com/watch?v=7cSIEj8Rsk0

ขอขอบคุณคาราโอเกะ
https://www.youtube.com/watch?v=CuTOGFZxUts

และขอบคุณทุกท่านที่รับชมค่ะ ^_^",https://i.ytimg.com/vi/mrab6AbX2j0/hqdefault.jpg,available
"Meen Thaisub",https://www.youtube.com/@meenthaisub,UC3INtPxO33d5mSLLYRnxLgQ,41,"Proof of life [Thai cover by Meen]",https://www.youtube.com/watch?v=SQbyUrIe0AQ,SQbyUrIe0AQ,2020-05-01T13:37:23Z,05:40,554,"เพลงนี้เป็นเพลงที่ทำภายใน 1 วันค่ะ
เพราะอยากจะเก็บไว้เป็นความทรงจำ
เนื่องด้วยวันนี้เป็นวันเกิดคุณยายค่ะ
แต่คุณยายหลับไปแล้วเมื่อวานนี้ค่ะ

ตลอด 1 สัปดาห์ที่ผ่านมาคุณยายป่วยหนักมาก
ท่านทรุดหนักและเสียชีวิต
มันเศร้าจนอยากระบายออกมาน่ะค่ะ
อย่างน้อยคุณยายก็ไม่มีอะไรที่ติดค้างอีกแล้ว
ไม่ต้องทรมานอีกแล้ว
หลับให้สบายนะคะ

ก็เลยขอร้องเพลงนี้ถึงคุณยาย
มันเป็นความรู้สึกล้วน ๆ 
ถ้าไม่ชอบต้องขออภัยด้วยนะคะ

ขอขอบคุณแหล่งเนื้อเพลงไทยเวอร์
https://aystudioz.wordpress.com/2010/12/03/soundless-voice-vocaloid%E2%99%AA/
https://www.youtube.com/watch?v=Fs4mfS_pzvc

ขอขอบคุณภาพ
https://www.zerochan.net/242138

ขอขอบคุณคาราโอเกะ
https://www.youtube.com/watch?v=jdpFeBzDDzc

และขอบคุณทุกท่านที่รับชมนะคะ",https://i.ytimg.com/vi/SQbyUrIe0AQ/hqdefault.jpg,available
"Meen Thaisub",https://www.youtube.com/@meenthaisub,UC3INtPxO33d5mSLLYRnxLgQ,42,"ร้องเพลงอะไรดี EP.1 (มาคุยกันได้ , ออกแนวบ่นนิดๆ(?) , คาดว่าอาจมีตอนต่อไป(???))",https://www.youtube.com/watch?v=2yZ3bqZzBh8,2yZ3bqZzBh8,2020-04-20T09:41:08Z,09:28,206,"ก็ตามคลิปนะทุกคน
ส่วนใหญ่มีแต่เสียงพูดนะฮะ
มันออกแนวบ่นๆซักหน่อย
ถือว่ามาพูดคุยกันก็ได้นะ",https://i.ytimg.com/vi/2yZ3bqZzBh8/hqdefault.jpg,available
"Meen Thaisub",https://www.youtube.com/@meenthaisub,UC3INtPxO33d5mSLLYRnxLgQ,43,"Theo [Thai ver by Meen]",https://www.youtube.com/watch?v=FS_FXV4Vdkg,FS_FXV4Vdkg,2020-04-13T14:00:12Z,03:26,"5,890","ได้ลงเพลงบ้างซักที เย่ๆ
เพลงนี้รู้สึกร้องแปลกๆแฮะ? 
แถมคลิปพอเรนเดอร์เสร็จรู้สึกภาพมันแปลกๆยังไงไม่รู้สิQAQ
แต่ไม่เป็นไร เราขายเนื้อเพลงเป็นหลักอยู่แล้ว(?) 555

Vocal Original : 初音ミク
詞/曲/映像 ： Omoi

เนื้อเพลง
https://www.smule.com/song/thai-ver-by-meen-th-theo-karaoke-lyrics/11585490_11585490/arrangement

ขอขอบคุณวีดิโอ
https://www.youtube.com/watch?v=81nH05BqXIo

ขอขอบคุณซับไทย
https://www.youtube.com/watch?v=buXo9sxWr-c

ขอขอบคุณคาราโอเกะ
https://www.youtube.com/watch?v=bmkY2yc1K7Q",https://i.ytimg.com/vi/FS_FXV4Vdkg/hqdefault.jpg,available
"Meen Thaisub",https://www.youtube.com/@meenthaisub,UC3INtPxO33d5mSLLYRnxLgQ,44,"HBD Meen Thaisub เล่นเกม Identity V กัน!",https://www.youtube.com/watch?v=wZ2j37LhTtg,wZ2j37LhTtg,2020-03-06T14:28:03Z,01:39:30,151,"HBD to ME !",https://i.ytimg.com/vi/wZ2j37LhTtg/hqdefault.jpg,available
"Meen Thaisub",https://www.youtube.com/@meenthaisub,UC3INtPxO33d5mSLLYRnxLgQ,45,"Home Sweet Home (บ้านแสนโศก) Ver.Rock [Cover by Meen]",https://www.youtube.com/watch?v=SY5_O8soH2A,SY5_O8soH2A,2020-03-01T08:00:11Z,04:22,"1,946","นี่จะเป็นคลิปสุดท้ายในช่วงวันหยุดนี้ 
แล้วเราก็จะกลับไปสู่การดองคลิปอื่นยาว ๆ ต่อไป 555

จากต้นฉบับ ToNy_GospeL Ft.HN_Cat
https://www.youtube.com/watch?v=ZcnUcuO4q2k

ขอขอบคุณ off vocal
https://www.youtube.com/watch?v=VoW8CeONmeY

และขอบคุณทุกท่านที่รับชมค่ะ ^_^",https://i.ytimg.com/vi/SY5_O8soH2A/hqdefault.jpg,available
"Meen Thaisub",https://www.youtube.com/@meenthaisub,UC3INtPxO33d5mSLLYRnxLgQ,46,"I Think I Just Died [Thai cover by Meen]",https://www.youtube.com/watch?v=obbOEgqvsK4,obbOEgqvsK4,2020-02-29T03:00:12Z,03:34,950,"ที่หายไปนานเพราะมัวแต่วาดรูป 55
ร้องก็เหมือนเดิม ไม่ได้พัฒนามาก
แต่คงไม่แย่กว่าเดิมหรอก อิอิ

ขอขอบคุณเนื้อเพลงไทยและOff vocal
https://www.youtube.com/watch?v=kFxoYE3qZWg

และขอบคุณทุกท่านที่รับชมค่ะ ^_^",https://i.ytimg.com/vi/obbOEgqvsK4/hqdefault.jpg,available
"Meen Thaisub",https://www.youtube.com/@meenthaisub,UC3INtPxO33d5mSLLYRnxLgQ,47,"Orange [Thai cover by Meen]",https://www.youtube.com/watch?v=w40qSR0eY6Y,w40qSR0eY6Y,2020-02-28T07:21:25Z,04:07,533,"ผมยังไม่ตาย!!!?
ช่องร้างไปนานขนาดไหนแล้วนะQwQ
ขอร้องกันช่องร้างหน่อยเถิด~

ขอโทษที่หายไปนานมากๆ
ชีวิตมหาลัยมันสุดยอดจริง ๆ
จะให้แหกปากในหอก็ไม่ใช่เรื่อง
แต่วันนี้กลับมาบ้านแล้วก็ทำคลิปซักหน่อย
แฮะๆ QwQ

ขอขอบคุณวีดิโอเนื้อเพลงไทยและOff vocal
https://www.youtube.com/watch?v=p4uJDrMrPpk

และขอบคุณทุกท่านที่รับชมค่ะ ^_^",https://i.ytimg.com/vi/w40qSR0eY6Y/hqdefault.jpg,available
"Meen Thaisub",https://www.youtube.com/@meenthaisub,UC3INtPxO33d5mSLLYRnxLgQ,48,"Lemon (Kenshi Yonezu) Piano ver [Cover by Meen]",https://www.youtube.com/watch?v=gTdNFEKoKqk,gTdNFEKoKqk,2019-12-31T09:47:55Z,04:21,338,"ขออซักงานก่อนปีใหม่เถอะน่า!
// งานเผามาก ๆ ฮะ โดยเฉพาะรูป เผาสุดๆ

ต้นฉบับ
https://www.youtube.com/watch?v=SX_ViT4Ra7k

ขอขอบคุณเปียโน
https://www.youtube.com/watch?v=RZCI7pe6f1o

และขอบคุณทุกท่านที่รับชมค่ะ ^_^",https://i.ytimg.com/vi/gTdNFEKoKqk/hqdefault.jpg,available
"Meen Thaisub",https://www.youtube.com/@meenthaisub,UC3INtPxO33d5mSLLYRnxLgQ,49,"Plot:0 [Thai cover by Meen]",https://www.youtube.com/watch?v=ReKmQQhV9e0,ReKmQQhV9e0,2019-11-15T11:25:16Z,02:13,"1,207","มาตามคำขอแล้วคร้าบบบบบ
ขอเพลงหรือทวงหนี้ อารมณ์คล้าย ๆ กันเลย 555+
พยายามทำให้ดีที่สุดแล้วนะคะ
อาจมีเพี้ยน ๆ บ้างเพราะฟังปุ๊บร้องปั๊บแบบรวบรัด(?)
ก็ติได้ตามสบายนะคะ QwQ

ขอขอบคุณวีดิโอ 
 https://www.youtube.com/watch?v=NrXQ3cmg_bI

ขอขอบคุณเนื้อเพลงไทยและOff vocal
https://www.youtube.com/watch?v=MpGUcUdNrok

และขอบคุณทุกท่านที่รับชมค่ะ ^_^",https://i.ytimg.com/vi/ReKmQQhV9e0/hqdefault.jpg,available
"Meen Thaisub",https://www.youtube.com/@meenthaisub,UC3INtPxO33d5mSLLYRnxLgQ,50,"BRING IT ON [Thai ver by Meen Feat. zxbara]",https://www.youtube.com/watch?v=_5XMoK6sEko,_5XMoK6sEko,2019-09-03T12:56:41Z,03:56,"1,695","ชอบงานคนมิกซ์จริง ๆ เลยค่ะ // ค่ตอวย(?)
รู้สึกเนื้อเพลงที่แต่งนี่ดรอปไปเลย 555
ขอบคุณพี่ชาย zxbara มากเลยนะคะ
หวังว่าจะชอบงานใหม่นี่นะคะ เย่ๆ

อันนี้ลงใหม่นะคะ เพราะรู้สึกว่างานไม่สุด อันเก่าก็เลยลบไปแล้วนะคะ

Music,Arranged : Giga
Lyrics : Reol
Illust : △○□×
Movie : お菊

Feat. zxbara
https://www.youtube.com/channel/UC-ROc4i4FMJN0fyMINFAYPw

ขอขอบคุณวีดิโอ ซับไทย คาราโอเกะ
https://www.youtube.com/watch?v=oEkGC2HV7rc

และขอบคุณทุกท่านที่รับชมค่ะ ^_^",https://i.ytimg.com/vi/_5XMoK6sEko/hqdefault.jpg,available
"Meen Thaisub",https://www.youtube.com/@meenthaisub,UC3INtPxO33d5mSLLYRnxLgQ,51,"Reincarnation (ไปเกิดใหม่ซะ) [Thai ver by Meen]",https://www.youtube.com/watch?v=o6ixgmRvJfI,o6ixgmRvJfI,2019-08-14T13:03:32Z,04:03,"5,608","หายไปนานมาก ๆ เลยสินะ
ชีวิตนักศึกษาปี 1 สุดยอดไปเลย !
แต่ก็ไม่ลืมช่องยูทูปหรอกน่า
ขออภัยที่แทบไม่โผล่มา
มันไม่มีเวลาทำจริง ๆ
แต่ก็พยายามอยู่นะทุกคน อิอิ

เพลงนี้ TenichiKung ก็มาร่วมแต่งให้ด้วยนะคะ 
ฝากไปติดตามผลงานเขาด้วยนะ !
https://www.youtube.com/channel/UCD7DuRdX5sf39ykNWuaNwSA

ขอขอบคุณวีดิโอและซับไทย
https://www.youtube.com/watch?v=vU3oF90WKpw

ขอขอบคุณคาราโอเกะ
https://www.youtube.com/watch?v=BGTAojajoFI

และขอบคุณทุกท่านที่รับชมค่ะ ^_^",https://i.ytimg.com/vi/o6ixgmRvJfI/hqdefault.jpg,available
"Meen Thaisub",https://www.youtube.com/@meenthaisub,UC3INtPxO33d5mSLLYRnxLgQ,52,"Slow Motion [Thai ver by Meen]",https://www.youtube.com/watch?v=SA0o7RcCuVk,SA0o7RcCuVk,2019-06-12T04:48:55Z,05:11,"2,342","ดีจ้าทุกคน คิดถึงกันมั้ยเอ่ย
ขออภัยที่มาช้า ชีวิต slow life ไปหน่อย 555

เนื้อเพลง
https://www.smule.com/song/thai-ver-by-meen-th-slow-motion-karaoke-lyrics/9361148_9361148/arrangement

ขอขอบคุณซับไทย
https://www.youtube.com/watch?v=Tdq8gxWclJs

ขอขอบคุณวีดิโอ
https://www.youtube.com/watch?v=ARt2fVT33Lw

ขอขอบคุณคาราโอเกะ
https://www.youtube.com/watch?v=-Vw_gMWm_d4

และขอบคุณทุกท่านที่รับชมค่ะ ^_^",https://i.ytimg.com/vi/SA0o7RcCuVk/hqdefault.jpg,available
"Meen Thaisub",https://www.youtube.com/@meenthaisub,UC3INtPxO33d5mSLLYRnxLgQ,53,"Handicap (อุปสรรค) [Thai ver by Meen]",https://www.youtube.com/watch?v=e1Bg3niuLrM,e1Bg3niuLrM,2019-05-05T04:22:54Z,04:07,"1,323","หลังจากทำโหวตไป นี่เป็นเพลงอันดับ 2 ที่ทุกคนโหวตมานะคะ
ถามว่าทำไมไม่เอาเพลงอันดับ 1 มา 
เพราะเพลงอันดับ 1 นั้นจริง ๆ เป็นเนื้อเพลงจาก Beast Knights หรือคอรัสที่หนูอยู่แหละค่ะ เพลงนั้นหนูแค่ร่วมช่วยแต่งไม่ได้แต่งเองทั้งหมด ก็คิดได้ว่าถ้าเอาเพลงเขามาก็คงดูไม่ดีหรอกเนอะ ต้องขออภัยด้วยสำหรับคนที่อยากฟัง 

ก็ลองส่อง ๆ ทั้งช่องนี้และช่อง Beast Knights
https://www.youtube.com/channel/UCGTudNIGe-vFtU2BCAzLirA 
เพื่อติดตามผลงานใหม่ ๆ ด้วยนะคะ 
ปล. เค้าไม่ได้จ่าย 55 

ปล2. ร้องเพลงนี้ตอนคอเริ่มเจ็บ ๆ พลังเสียงในเพลงอาจมีไม่มาก และตอนนี้ เจ็บคอแล้ว QwQ 55555

เนื้อเพลง
https://www.smule.com/song/thai-ver-by-meen-th-handicap-%E0%B8%AD-%E0%B8%9B%E0%B8%AA%E0%B8%A3%E0%B8%A3%E0%B8%84-karaoke-lyrics/8374412_8374412/arrangement

ขอขอบคุณวีดิโอและซับไทย
https://www.youtube.com/watch?v=95SA5ao9fRQ

ขอขอบคุณคาราโอเกะ
https://www.youtube.com/watch?v=ZcJRkdO6Xlo

และขอบคุณทุกท่านที่รับชมค่ะ ^_^",https://i.ytimg.com/vi/e1Bg3niuLrM/hqdefault.jpg,available
"Meen Thaisub",https://www.youtube.com/@meenthaisub,UC3INtPxO33d5mSLLYRnxLgQ,54,"Often (บ่อยครั้ง) [Thai ver by Meen]",https://www.youtube.com/watch?v=I40pwkIn3Fg,I40pwkIn3Fg,2019-04-08T12:51:48Z,04:59,"2,751","เย่ๆ ในที่สุดก็ได้ลงเพลงนี้!
เฮ้อ...รู้สึกไม่ค่อยสุดเท่าไหร่แฮะ 
หวังว่าทุกคนจะชอบนะ QwQ

Kasamura Toota (music, lyrics)
Hatsune Miku (vocal original)

เนื้อเพลง
https://www.smule.com/song/thai-ver-by-meen-th-often-%E0%B8%9A-%E0%B8%AD%E0%B8%A2%E0%B8%84%E0%B8%A3-%E0%B8%87-karaoke-lyrics/9022355_9022355/arrangement

ขอขอบคุณไทยซับ
https://www.youtube.com/watch?v=hSUERS4LPnc

ขอขอบคุณคาราโอเกะ
https://piapro.jp/t/Qbmk

และขอบคุณทุกท่านที่รับชมค่ะ ^_^",https://i.ytimg.com/vi/I40pwkIn3Fg/hqdefault.jpg,available
"Meen Thaisub",https://www.youtube.com/@meenthaisub,UC3INtPxO33d5mSLLYRnxLgQ,55,"Otome Kaibou (กายวิภาคของหญิงสาว) [Thai ver by Meen]",https://www.youtube.com/watch?v=Cg7YgtEVdLE,Cg7YgtEVdLE,2019-04-02T14:54:13Z,03:50,"26,673","เย่ๆๆ ในที่สุดก็ได้ลงยูทูป!
ปกติร้องคอรัสเอง พอมาอันนี้ใช้โปรแกรมก็งงหน่อยๆแฮะ QwQ
ร้องสุดตัวแล้วได้แค่นี้แหละ เพราะเสียงมันสูงมาก ฮาๆ

Music: DECO*27
Arrangement: emon(Tes.) & Rockwell
Movie by OTOIRO
Director / Animator: akka
Sub Animator: ろづ希
Editor: Yuma Saito
Logo Design: 八三
Special Thanks: 松山恵

เนื้อเพลง
https://www.smule.com/song/thai-ver-by-meen-th-otome-kaibou-%E0%B8%81%E0%B8%B2%E0%B8%A2%E0%B8%A7-%E0%B8%A0%E0%B8%B2%E0%B8%84%E0%B8%82%E0%B8%AD%E0%B8%87%E0%B8%AB%E0%B8%8D-%E0%B8%87%E0%B8%AA%E0%B8%B2%E0%B8%A7-karaoke-lyrics/8963124_8963124/arrangement

ขอขอบคุณซับไทย
https://www.youtube.com/watch?v=EliO8DazIg0
https://www.youtube.com/watch?v=DN2ylk6AT5w

ขอขอบคุณวีดิโอ
https://www.youtube.com/watch?v=7zwCIz-Ohn4

ขอขอบคุณคาราโอเกะ
https://www.youtube.com/watch?v=eROF0oIymmg

และขอบคุณทุกท่านที่รับชมค่ะ ^_^",https://i.ytimg.com/vi/Cg7YgtEVdLE/hqdefault.jpg,available
"Meen Thaisub",https://www.youtube.com/@meenthaisub,UC3INtPxO33d5mSLLYRnxLgQ,56,"จนกว่าจะทิ้งความฝันและเติบโตเป็นผู้ใหญ่ (HBD to Me!!!) [Thai ver by Meen]",https://www.youtube.com/watch?v=LAsNDs9rdCg,LAsNDs9rdCg,2019-03-06T02:28:52Z,03:37,"2,952","僕が夢を捨てて大人になるまで
Boku ga Yume wo Sutete Otona ni Naru made
Until I throw away my dreams and become an adult
จนกว่าจะทิ้งความฝันและเติบโตเป็นผู้ใหญ่ 

HBD to Me !!!
วันนี้ก็แก่ขึ้นอีกแล้ว! 555+ // 18 ปีแล้วจ้า
ถึงจะโตขึ้นก็จะเก็บความฝันนี้ไว้ตลอดไป เย่ๆ

作詞・作曲・調教・動画：傘村トータ
歌：初音ミク (vocaloid)
絵：kise ( https://piapro.jp/swimmmmy  ) 

เนื้อเพลง
https://www.smule.com/song/hatsune-miku-th-%E0%B8%88%E0%B8%99%E0%B8%81%E0%B8%A7-%E0%B8%B2%E0%B8%88%E0%B8%B0%E0%B8%97-%E0%B8%87%E0%B8%84%E0%B8%A7%E0%B8%B2%E0%B8%A1%E0%B8%9D-%E0%B8%99%E0%B9%81%E0%B8%A5%E0%B8%B0%E0%B9%80%E0%B8%95-%E0%B8%9A%E0%B9%82%E0%B8%95%E0%B9%80%E0%B8%9B-%E0%B8%99%E0%B8%9C-%E0%B9%83%E0%B8%AB%E0%B8%8D-karaoke-lyrics/8606849_8606849/arrangement

ขอขอบคุณไทยซับ
https://www.youtube.com/watch?v=Xm9d-_0C3LY

ขอขอบคุณภาพ
https://piapro.jp/t/o-xH

ขอขอบคุณคาราโอเกะ
https://piapro.jp/t/XdbM

และขอบคุณทุกท่านที่รับชมค่ะ ^_^",https://i.ytimg.com/vi/LAsNDs9rdCg/hqdefault.jpg,available
"Meen Thaisub",https://www.youtube.com/@meenthaisub,UC3INtPxO33d5mSLLYRnxLgQ,57,"Patchwork Staccato (รอยเย็บปุปะกระท่อนกระแท่น) [Thai ver by Meen]",https://www.youtube.com/watch?v=UsCTgwt7AcE,UsCTgwt7AcE,2019-02-21T11:39:54Z,04:11,"20,594","ว้าว เสียงสดล่ะ
เพลงนี้แปลยากมากเลย 
ไม่รู้เข้าใจความหมายของเพลงถูกหรือป่าว
น่าจะสื่อแบบ... แอบชอบข้างเดียวมั้ง QwQ

เนื้อเพลง
https://www.smule.com/song/hatsune-miku-th-patchwork-staccato-karaoke-lyrics/8723851_8723851/arrangement

ขอขอบคุณแหล่งเนื้อเพลงแปล
https://www.youtube.com/watch?v=elC2uKfEKbg
https://www.youtube.com/watch?v=D_wYTts2p4o
https://www.youtube.com/watch?v=EAooWlbMPv8
https://vocaloidlyrics.fandom.com/wiki/%E3%83%84%E3%82%AE%E3%83%8F%E3%82%AE%E3%82%B9%E3%82%BF%E3%83%83%E3%82%AB%E3%83%BC%E3%83%88_(Tsugihagi_Staccato)

ขอขอบคุณภาพ
(ก็เอามาจากเครดิตเนื้อเพลง(?)

ขอขอบคุณคาราโอเกะ
https://www.youtube.com/watch?v=wpJlzLLh3M4

และขอบคุณทุกท่านที่รับชมค่ะ ^_^",https://i.ytimg.com/vi/UsCTgwt7AcE/hqdefault.jpg,available
"Meen Thaisub",https://www.youtube.com/@meenthaisub,UC3INtPxO33d5mSLLYRnxLgQ,58,"Drama and a Deformed City (บทละครและเมืองหลอกลวง) [Thai ver by Meen]",https://www.youtube.com/watch?v=JfpYsOrw8f0,JfpYsOrw8f0,2019-02-20T13:19:02Z,03:39,855,"ขอเรียกเพลงนี้ว่า เวอร์ชั่นร้องเอามันส์(?)
เพราะ - ร้องเพราะอยากร้องเฉยๆ หนุกหนานๆ
ช่องนี้เน้นเนื้อเพลงอย่าลืม =w= // แถ(?)

เนื้อเพลง
https://www.smule.com/song/drama-and-a-deformed-city-mafumafu-th-%E0%B8%9A%E0%B8%97%E0%B8%A5%E0%B8%B0%E0%B8%84%E0%B8%A3%E0%B9%81%E0%B8%A5%E0%B8%B0%E0%B9%80%E0%B8%A1-%E0%B8%AD%E0%B8%87%E0%B8%AB%E0%B8%A5%E0%B8%AD%E0%B8%81%E0%B8%A5%E0%B8%A7%E0%B8%87-karaoke-lyrics/7648053_7648053/arrangement

ขอขอบคุณซับไทย
https://www.youtube.com/watch?v=fQFR_o3FLi4

ขอขอบคุณวีดิโอ
https://www.youtube.com/watch?v=J4cyTxelhyU

ขอขอบคุณคาราโอเกะ
https://www.youtube.com/watch?v=_2iWIB_pY0k

และขอบคุณทุกท่านที่รับชมค่ะ ^_^",https://i.ytimg.com/vi/JfpYsOrw8f0/hqdefault.jpg,available
"Meen Thaisub",https://www.youtube.com/@meenthaisub,UC3INtPxO33d5mSLLYRnxLgQ,59,"kimi no koto ga suki de gomennasai (ขอโทษนะที่แอบชอบเธอเหลือเกิน) [Thai ver by Meen]",https://www.youtube.com/watch?v=ufj14z6beJk,ufj14z6beJk,2018-12-06T14:44:38Z,03:42,"1,448","มีคนจ้างมาให้เมาค่ะ QwQ
เลยเผานิดๆด้ยความหมั่นไส้(?)(ไม่ดีเยย อิอิ)
แต่ก็แต่งเนื้อสวยอยู่น้าาาา ลองดูแล้วกันนะคะ

เนื้อเพลง
https://www.smule.com/song/ia-th-kimi-no-koto-ga-suki-de-gomennasai-karaoke-lyrics/7494795_7494795/arrangement

ขอขอบคุณไทยซับ
https://www.youtube.com/watch?v=AYyUPsu6MhM
https://www.youtube.com/watch?v=GKwv1eJGf0E

ขอขอบคุณวีดิโอ
https://www.nicovideo.jp/watch/sm19904452

ขอขอบคุณคาราโอเกะ
https://www.youtube.com/watch?v=5vUh_tHCY04

และขอบคุณทุกท่านที่รับชมค่ะ ^_^",https://i.ytimg.com/vi/ufj14z6beJk/hqdefault.jpg,available
"Meen Thaisub",https://www.youtube.com/@meenthaisub,UC3INtPxO33d5mSLLYRnxLgQ,60,"SNOBBISM (ผู้จอมเสแสร้ง) [Thai ver by Meen]",https://www.youtube.com/watch?v=oRziSNs4f84,oRziSNs4f84,2018-10-28T06:21:56Z,03:33,"15,514","คำเตือน : เพลงนี้แปลจากภาษาอังกฤษ อาจจะแปลถูกบ้างผิดบ้าง ถ้าเนื้อเพลงมีเนื้อหาที่ผิดเพี้ยนไปยังไงต้องขออภัยนะคะ QwQ

เฮ้อ.. รู้สึกรอบนี้ร้องไม่ค่อยสุดเท่าไหร่เลย QwQ ช่างเตอะ อิอิ

ขอขอบคุณผู้ช่วยแปล ENG ด้วยน้าาา
https://www.smule.com/_Midnight_04

เนื้อเพลง
https://www.smule.com/song/kagamine-rin-len-th-snobbism-%E0%B8%9C-%E0%B8%88%E0%B8%AD%E0%B8%A1%E0%B9%80%E0%B8%AA%E0%B9%81%E0%B8%AA%E0%B8%A3-%E0%B8%87-karaoke-lyrics/7610215_7610215/arrangement

ขอขอบคุณซับENG
https://www.youtube.com/watch?v=Y0pwT-vbamc

ขอขอบคุณวีดิโอ
https://www.youtube.com/watch?v=f5jDVFmEIVQ

ขอขอบคุณคาราโอเกะ
https://www.dropbox.com/s/vlendpz6otpjrzb/180325_SNOBBISM_Inst.zip?dl=0

และขอบคุณทุกท่านที่รับชมค่ะ ^_^",https://i.ytimg.com/vi/oRziSNs4f84/hqdefault.jpg,available
"Meen Thaisub",https://www.youtube.com/@meenthaisub,UC3INtPxO33d5mSLLYRnxLgQ,61,"Guren Veritable Pandemonium (ขบวนอสูรบุปผาสีชาด) [Thai ver by Meen]",https://www.youtube.com/watch?v=bKihWVXzV2M,bKihWVXzV2M,2018-10-02T05:31:08Z,02:58,"1,348","พนันเลยว่าหลายคนไม่รู้จักเพลงนี้ QwQ
แต่ก็จะร้อง ไม่งั้นช่องจะเงียบQvQ 55+

เนื้อเพลง
https://www.smule.com/song/hatsune-miku-th-guren-veritable-pandemonium-karaoke-lyrics/6390392_6390392/arrangement

ขอขอบคุณซับไทย
https://www.youtube.com/watch?v=FAFPal4Cg40

ขอขอบคุณวีดิโอ
https://www.youtube.com/watch?v=ogJR59P-aNE

ขอขอบคุณคาราโอเกะ
https://piapro.jp/t/u1qq

และขอบคุณทุกท่านที่รับชมค่ะ ^_^",https://i.ytimg.com/vi/bKihWVXzV2M/hqdefault.jpg,available
"Meen Thaisub",https://www.youtube.com/@meenthaisub,UC3INtPxO33d5mSLLYRnxLgQ,62,"朧月 (Oborozuki) (หมอกซ่อนจันทร์) [Thai ver by Meen]",https://www.youtube.com/watch?v=h4j9muUmi2A,h4j9muUmi2A,2018-08-04T16:19:37Z,04:18,"10,719","แม่เจ้า...ฉันลงคลิปนี้ตอน 5 ทุ่มกว่า หาว.... // ง่วงแปป 
หมายเหตุ ; ถ้าเห็นเพลงนี้ในช่อง TenichiKung อย่าแปลกใจนะคะ เค้าจ้างเพลงนี้หนูเอง 55+ คนแต่งพึ่งมาร้อง คืออะไร ถถถ

สามารถไปฟังเราไป feat. กับช่อง TenichiKung ได้เลยค่า
https://www.youtube.com/watch?v=iUtJAEXB5iM

เนื้อเพลง
https://www.smule.com/song/mafumafu-th-%E6%9C%A7%E6%9C%88%E0%B8%AB%E0%B8%A1%E0%B8%AD%E0%B8%81%E0%B8%8B-%E0%B8%AD%E0%B8%99%E0%B8%88-%E0%B8%99%E0%B8%97%E0%B8%A3-karaoke-lyrics/6875544_6875544/arrangement

ขอขอบคุณซับไทย
https://www.youtube.com/watch?v=8oBp3OLXQ8Q
https://www.youtube.com/watch?v=KWkv3vT2kwg

ขอขอบคุณวีดิโอ
https://www.youtube.com/watch?v=8oBp3OLXQ8Q

ขอขอบคุณคาราโอเกะ
https://www.youtube.com/watch?v=ZVsK1msDNzI

และขอบคุณทุกท่านที่รับชมค่ะ ^_^",https://i.ytimg.com/vi/h4j9muUmi2A/hqdefault.jpg,available
"Meen Thaisub",https://www.youtube.com/@meenthaisub,UC3INtPxO33d5mSLLYRnxLgQ,63,"Worm Eaten Psychedelism (ประสาทหลอน หนอนผู้กัดกิน) [Thai ver by Meen]",https://www.youtube.com/watch?v=fBtZH4ZEbHA,fBtZH4ZEbHA,2018-07-08T07:32:24Z,03:16,"5,449","***คำเตือน ระวังหูแตก โปรดเบาเสียงไว้ก่อนเพื่อความปลอดภัย(?)***
เสียงสูงไปไหนเพลงนี้ ถถถ
ได้ปลดปล่อยไปอีกหนึ่งเพลง (น่าจะโดนลิขสิทธิ์QvQ;)
// ว่าแล้วก็รอเพลงใหม่อีกยาวๆ (?)
ปล. เขียนประสาทหลอนเป็นประสานหลอน QvQ;;;  WHAT!?

Zips (music, lyrics, SSD)
Nachuki (bass)
Kairiki Bear (mix)
Ichinose Yukino (illust)
Not-116 (video)
kenji (encode)

ขอขอบคุณซับไทย
https://www.youtube.com/watch?v=lb4swEJixws

ขอขอบคุณวีดิโอ
https://www.youtube.com/watch?v=px6rXYFQBNk

ขอขอบคุณคาราโอเกะ
https://www.youtube.com/watch?v=hvLE6W9Clnk

และขอบคุณทุกท่านที่รับชมค่ะ ^_^",https://i.ytimg.com/vi/fBtZH4ZEbHA/hqdefault.jpg,available
"Meen Thaisub",https://www.youtube.com/@meenthaisub,UC3INtPxO33d5mSLLYRnxLgQ,64,"Cantarella (Piano ver.) [Cover by Meen]",https://www.youtube.com/watch?v=kQ_FSsy5fnw,kQ_FSsy5fnw,2018-06-03T06:43:45Z,03:20,489,"ว้าว นานๆจะได้โคเอร์เพลงญี่ปุ่น(?)
แถมวาดภาพเองด้วย แสบตา(?)
พอดีมีคนเปิดเพลงให้ solo ในsmuleน่ะค่ะ
เห็นว่าร้องโอเคอยู่เลยเอามาลงดู อิอิ

สามารถฟังใน Smule ได้เลยค่า!
https://www.smule.com/recording/vocaloid-cantarella-piano/1229686977_2201919496

และขอบคุณทุกท่านที่รับชมค่ะ ^_^",https://i.ytimg.com/vi/kQ_FSsy5fnw/hqdefault.jpg,available
"Meen Thaisub",https://www.youtube.com/@meenthaisub,UC3INtPxO33d5mSLLYRnxLgQ,65,"命ばっかり (Inochi Bakkari) (ก็แค่ชีวิต) [Thai ver By Meen]",https://www.youtube.com/watch?v=5LsRqcDfEKk,5LsRqcDfEKk,2018-05-10T06:16:33Z,04:13,"12,893","เพื่อไม่ให้ช่องร้างเกินไป งานก็เลย...เป็นอย่างที่ทุกคนเห็นนะQwQ
// ช่วงนี้เจ็บคอขอไปอัดฟ้าทำลายโจรแปป(?)

-------------------------------------------------------------------

""命ばっかり""
Romaji: Inochi Bakkari
English: Nothing but Life

nuyuri (music, lyrics)
Avogado6 (movie)
KurageP (guitar)
Nakamura Ryouma (mastering)

-------------------------------------------------------------------

เนื้อเพลง
https://www.smule.com/song/nuyuri-th-%E5%91%BD%E3%81%B0%E3%81%A3%E3%81%8B%E3%82%8A-inochi-bakkari-karaoke-lyrics/6244300_6244300/arrangement

ขอขอบคุณซับไทย
https://www.youtube.com/watch?v=efw3tcNmzJw
https://www.youtube.com/watch?v=M6oWEajePE4
https://www.youtube.com/watch?v=H3eSCmuHrV0

ขอขอบคุณวีดิโอ
https://www.youtube.com/watch?v=efw3tcNmzJw

ขอขอบคุณคาราโอเกะ
https://www.youtube.com/watch?v=pp4TsY9lSLc

และขอบคุณทุกท่านที่รับชมค่ะ ^_^",https://i.ytimg.com/vi/5LsRqcDfEKk/hqdefault.jpg,available
"Meen Thaisub",https://www.youtube.com/@meenthaisub,UC3INtPxO33d5mSLLYRnxLgQ,66,"Ghost Rule (กฎของวิญญาณ) [Thai ver by Meen]",https://www.youtube.com/watch?v=z2ywEPpvPCM,z2ywEPpvPCM,2018-04-16T11:44:14Z,03:32,"5,744","อ่า....นึกว่าจะไม่ได้ทำซะแล้ว
พึ่งกลับมาจากสงกรานต์ค่ะ
เผาตามเดิม เพิ่มเติม(คิดว่า)งานดีขึ้น(?)

ขอขอบคุณซับไทย
https://www.youtube.com/watch?v=X6lMmziVzLA
ขอขอบคุณไทยเวอร์
https://www.youtube.com/watch?v=TR2OhQK9Y_g
https://www.youtube.com/watch?v=vI1hbTs1SlU
https://www.youtube.com/watch?v=C0L2xc7778k

ขอขอบคุณวีดิโอ
https://www.youtube.com/watch?v=WlHoQ1KUGw4

ขอขอบคุณคาราโอเกะ
https://www.youtube.com/watch?v=X75gKI_iuCc

และขอบคุณทุกท่านที่รับชมค่ะ ^_^",https://i.ytimg.com/vi/z2ywEPpvPCM/hqdefault.jpg,available
"Meen Thaisub",https://www.youtube.com/@meenthaisub,UC3INtPxO33d5mSLLYRnxLgQ,67,"A Thousand Year Solo [Thai ver by Meen]",https://www.youtube.com/watch?v=a4V10k83Bg8,a4V10k83Bg8,2018-03-07T11:37:03Z,03:25,"1,074","โถ่เพลงนี้ จะรู้จักกันหรือป่าวนี้
จากนี้เสียงอาจแปลกๆนะคะเพราะเปลี่ยนอุปกรณ์เดิมๆไปQvQ
ก็...นะ ฝากติชมด้วยนะคะ
ปล. ตายล่ะ ท่อนสุดท้ายทำซับผิด จาก ""ให้"" เป็น ""เชื่อม"" ซะงั้น 
ขออภัยนะคะQvQ

song : A Thousand Year Solo
music : yanagiP 

ขอขอบคุณซับไทย
https://www.youtube.com/watch?v=IVkHzjXQAvI

ขอขอบคุณวีดิโอ
https://www.youtube.com/watch?v=AHNj92FDpIc

ขอขอบคุณคาราโอเกะ
https://www.youtube.com/watch?v=riuVuwcTCQ4

และขอบคุณทุกท่านที่รับชมค่ะ ^_^",https://i.ytimg.com/vi/a4V10k83Bg8/hqdefault.jpg,available
"Meen Thaisub",https://www.youtube.com/@meenthaisub,UC3INtPxO33d5mSLLYRnxLgQ,68,"Celestial Fox (จิ้งจอกสวรรค์) [Thai ver by Meen]",https://www.youtube.com/watch?v=QORrSKy_RAc,QORrSKy_RAc,2018-03-02T08:22:26Z,03:54,"6,247","ปิดเทอมทำไมไม่ลงคลิปบ้างเลยน้าาาาา // ถามตัวเองแปป
โอเค ลงแล้วน้าาาาา(???)


ขอขอบคุณซับไทย
https://www.youtube.com/watch?v=bp97LfFIyos

ขอขอบคุณวีดิโอ
https://www.youtube.com/watch?v=JdP_znnt1Pk

ขอขอบคุณคาราโอเกะ
https://www.youtube.com/watch?v=6-7pDUOHcEw

และขอบคุณทุกท่านที่รับชมค่ะ ^_^",https://i.ytimg.com/vi/QORrSKy_RAc/hqdefault.jpg,available
"Meen Thaisub",https://www.youtube.com/@meenthaisub,UC3INtPxO33d5mSLLYRnxLgQ,69,"Nameless Song (เพลงไร้นาม) [Thai ver by Meen]",https://www.youtube.com/watch?v=-GnVSpx5DHg,'-GnVSpx5DHg,2018-02-14T14:37:31Z,04:30,832,"แด่ชาวโสดวันวาเลนไทน์(?)
เป็นครั้งแรกที่ลองทำคลิปตัวเองแบบนี้ ว้าว*0*

ขอขอบคุณเนื้อเพลงไทย(ดัดแปลงเยอะมากแต่ก็อ้างอิงให้นะคะ(?)
https://www.youtube.com/watch?v=wwIainpT6og

ขอขอบคุณซับไทย
https://www.youtube.com/watch?v=pWufu3aKT6E

ขอขอบคุณคาราโอเกะ
https://www.youtube.com/watch?v=2yPONWmZsDM

และขอบคุณทุกท่านที่รับชมค่ะ ^_^",https://i.ytimg.com/vi/-GnVSpx5DHg/hqdefault.jpg,available
"Meen Thaisub",https://www.youtube.com/@meenthaisub,UC3INtPxO33d5mSLLYRnxLgQ,70,"Kotonoha Yuugi (เกมเล่นคำ) [Thai ver by Meen]",https://www.youtube.com/watch?v=w1PMAIY_xKQ,w1PMAIY_xKQ,2018-02-11T04:25:12Z,02:57,"8,113","เนื่องจากหายไปนานต้องกับมา(พร้อมความเผา)อย่างยิ่งใหญ่ค่ะ!?

ที่ผ่านมาโดนล้างคอมอีกแล้วค่ะ ก็เลยทำคลิปช้า 
แถมโปรแกรมเก่าก็หายไป ทางร้านให้โปรแกรมตัดต่อใหม่ก็ใช้ไม่เป็น
มัวแต่ศึกษาก็เลยลงคลิปช้าไปอีก----
ซ้ำก็จะสอบปลายภาค เฮ้อ----(?)
ก็ขออภัยอย่างยิ่งที่มาช้านะคะ // โค้ง

ขอขอบคุณซับไทย
https://www.youtube.com/watch?v=U48pyI_bUYc

ขอขอบคุณวีดิโอและคาราโอเกะ
https://www.youtube.com/watch?v=yoAC2X9CE4o

และขอบคุณทุกท่านที่รับชมค่ะ ^_^",https://i.ytimg.com/vi/w1PMAIY_xKQ/hqdefault.jpg,available
"Meen Thaisub",https://www.youtube.com/@meenthaisub,UC3INtPxO33d5mSLLYRnxLgQ,71,"Tokyo Teddy Bear [Thai Cover by Meen]",https://www.youtube.com/watch?v=F7USqV2Ygp0,F7USqV2Ygp0,2017-12-17T14:16:58Z,03:14,"4,578","อยากระบายนิสๆ
จะสอบกลางภาคการบ้านจะเทมา(?)
ไหนจะงานคริสต์มาสอีก วุ่นวายโว้ย!?(???)

ขอขอบคุณเนื้อเพลงไทย
http://jintryku.exteen.com/20111023/12304-lyrics-th-12305-tokyo-teddy-bear-vocaloid

ขอขอบคุณคาราโอเกะ
https://www.youtube.com/watch?v=nOc585EWwxw&feature=youtu.be

ขอขอบคุณวีดิโอ
(ลิ้งค์หายค่ะขออภัยด้วยQAQ)

และขอบคุณทุกท่านที่รับชมค่ะ ^_^",https://i.ytimg.com/vi/F7USqV2Ygp0/hqdefault.jpg,available
"Meen Thaisub",https://www.youtube.com/@meenthaisub,UC3INtPxO33d5mSLLYRnxLgQ,72,"""วงกต"" (The Maze) Ost.วงกต เรื่องเฮี้ยนหลังห้อง [Cover by Meen]",https://www.youtube.com/watch?v=OmDgrgL3r-I,OmDgrgL3r-I,2017-11-12T16:49:35Z,03:55,"15,307","ร้อง : Goragoth Tepsittha, Pornprapa Swangsak
คำร้อง : Goragoth Tepsittha
ทำนอง : Goragoth Tepsittha
เรียบเรียง : Koolga Studio

พอทำคลิปเสร็จมาดูอีกที อ้าว...
วีดิโอกับเสียงไม่ตรงกันเท่าไหร่เลยQAQ // เค้าเสียใจ
แต่ก็ดีใจที่ร้องได้ขนาดนี้ เพราะ เจ็บ คอ อยู่ QwQ 
// ว่าแล้วก็ไปกินยาแปป(?)

ขอขอบคุณต้นฉบับและคาราโอเกะด้วยนะคะ!^^
ต้นฉบับ : https://www.youtube.com/watch?v=o9qI0hvXS-E
คาราโอเกะ :https://www.youtube.com/watch?v=cc1gIRohePw

และขอบคุณทุกท่านที่รับชมค่ะ ^_^",https://i.ytimg.com/vi/OmDgrgL3r-I/hqdefault.jpg,available
"Meen Thaisub",https://www.youtube.com/@meenthaisub,UC3INtPxO33d5mSLLYRnxLgQ,73,"Electric Angel [Thai ver by Meen]",https://www.youtube.com/watch?v=jqlP1E16pFI,jqlP1E16pFI,2017-10-09T07:27:22Z,03:12,"25,307","เห็นมีคนขอในคอมเม้นแวปๆ(?) เลยทำเลย!?
ก็หนุกดี เนื้อเพลงพอได้ เสียง...(กากเกิน มิกซ์ไม่เป็นQAQ)

ขอขอบคุณซับไทย
https://www.youtube.com/watch?v=_89G9Oqwya8

ขอขอบคุณคาราโอเกะ
https://www.youtube.com/watch?v=9BFNiv1CIjc

ขอขอบคุณวีดิโอ
https://www.youtube.com/watch?v=sSYoz0JmnZo

และขอบคุณทุกท่านที่รับชมค่ะ ^_^",https://i.ytimg.com/vi/jqlP1E16pFI/hqdefault.jpg,available
"Meen Thaisub",https://www.youtube.com/@meenthaisub,UC3INtPxO33d5mSLLYRnxLgQ,74,"Brainwashing (ล้างสมอง) [Thai ver by Meen]",https://www.youtube.com/watch?v=rqd8CJQkOM4,rqd8CJQkOM4,2017-09-17T14:26:38Z,03:48,"3,412","เพลงมาพร้อมช่วงสอบเพราะมันคือเพลง "" ล้างสมอง ""!!?
จะล้างความรู้ในสมองทุกคนก่อนเข้าห้องสอบ!!? (เกี่ยวหรือ--- ข้ามไปๆ)
ก็...นะ เพลงเผาตามเคย แต่สนุกที่ได้ร้องแบบเผาๆนี่แหละQvQ

เอาเนื้อเพลงใน Smule ได้เลยค่า!
https://www.smule.com/song/kagamine-rin-len-thai-brainwashing-%E6%B4%97%E8%84%B3-karaoke-lyrics/3654104_3654104/arrangement

ขอขอบคุณซับไทย
https://www.youtube.com/watch?v=SmPOuuN0fz8

ขอขอบคุณคาราโอเกะ
https://www.youtube.com/watch?v=ImvzQNBmo0g

ขอขอบคุณวีดิโอ
https://www.youtube.com/watch?v=CS4qDL1YxXs

และขอบคุณทุกท่านที่รับชมค่ะ ^_^",https://i.ytimg.com/vi/rqd8CJQkOM4/hqdefault.jpg,available
"Meen Thaisub",https://www.youtube.com/@meenthaisub,UC3INtPxO33d5mSLLYRnxLgQ,75,"Abstract Nonsense (บทสรุปอันไร้สาระ) [Thai cover by Meen]",https://www.youtube.com/watch?v=KoNfsi_zXaE,KoNfsi_zXaE,2017-08-26T02:26:41Z,03:54,900,"ขอโทษที่หายไปนาน
กลับมางานยังเลอะเหมือนเดิมQAQ

ขอขอบคุณเนื้อเพลงไทย
https://www.youtube.com/watch?v=fDYHF1nbjFs

ขอขอบคุณคาราโอเกะ
https://www.youtube.com/watch?v=d5QbX_HwQ0o

ขอขอบคุณรูปภาพ
https://www.pixiv.net/member_illust.php?mode=medium&illust_id=18685272

และขอบคุณทุกท่านที่รับชมค่ะ ^_^",https://i.ytimg.com/vi/KoNfsi_zXaE/hqdefault.jpg,available
"Meen Thaisub",https://www.youtube.com/@meenthaisub,UC3INtPxO33d5mSLLYRnxLgQ,76,"Paradichlorobenzene (PDF2nd Ver.) [Thai ver by Meen]",https://www.youtube.com/watch?v=pFE4rmMUyEs,pFE4rmMUyEs,2017-08-13T08:25:10Z,02:59,"2,243","ขออภัยที่หายไปนาน ตอนนี้เรากลับมาแล้วน้าาาาาาา
มาพร้อมกับเพลงที่เผามากกกกกกก ถถถถถ
// ตายแปป

ขอขอบคุณซับไทย
https://www.youtube.com/watch?v=PIuA2_duU7U

ขอขอบคุณคาราโอเกะ
https://www.youtube.com/watch?v=riuVuwcTCQ4

ขอขอบคุณวีดิโอ
https://www.youtube.com/watch?v=dqyosrR8tuo

และขอบคุณทุกท่านที่รับชมค่ะ ^_^",https://i.ytimg.com/vi/pFE4rmMUyEs/hqdefault.jpg,available
"Meen Thaisub",https://www.youtube.com/@meenthaisub,UC3INtPxO33d5mSLLYRnxLgQ,77,"boku no basho boku no umi (มหาสมุทรที่ฉันอยู่) [Thai cover By Meen]",https://www.youtube.com/watch?v=-kJXHvhRI4s,'-kJXHvhRI4s,2017-06-04T06:04:11Z,04:51,"2,107","僕の場所 僕の海
boku no basho boku no umi

The Ocean Where I Belong

ดีใจและซาบซึ้งที่ได้ร้องเพลงสุดจิ้นคู่นี้ค่ะQvQ
พรุ่งนี้สอบต้องระบาย!!?

สามารถฟังใน Smule ได้เลยค่า!
https://www.smule.com/recording/jwalkerz-thai-boku-no-basho-boku-no-umi/1042919580_1340258773

ขอขอบคุณเนื้อเพลงไทยและคาราโอเกะ
https://www.youtube.com/watch?v=Jcs6_AxP7E8

ขอขอบคุณวีดิโอ
https://www.youtube.com/watch?v=dL_bmJw0kdM

และขอบคุณทุกท่านที่รับชมค่ะ ^_^",https://i.ytimg.com/vi/-kJXHvhRI4s/hqdefault.jpg,available
"Meen Thaisub",https://www.youtube.com/@meenthaisub,UC3INtPxO33d5mSLLYRnxLgQ,78,"Alien Alien [Thai cover by Meen]",https://www.youtube.com/watch?v=kx7031wFZcE,kx7031wFZcE,2017-05-20T15:12:52Z,03:01,"1,454","พอดีทำการบ้านเสร็จแล้วไปร้องเพลงใน Smule เจอเพลงนี้หนุกจุดๆ(?) ก็เลยเอามาลงยูทูปแบบวันเดียวจบเลยค่ะ ต้องขอบคุณคนเปิดโอกาสให้นะเนี่ย(?)

สามารถฟังใน Smule ได้เลยค่า!
https://www.smule.com/recording/th-matchavaree-or-nayutalien-ft-hatsune-miku-thai-alien-alien/1008094969_1298743254

ขอขอบคุณรูปภาพ
http://www.zerochan.net/2045140

และขอบคุณทุกท่านที่รับชมค่ะ ^_^",https://i.ytimg.com/vi/kx7031wFZcE/hqdefault.jpg,available
"Meen Thaisub",https://www.youtube.com/@meenthaisub,UC3INtPxO33d5mSLLYRnxLgQ,79,"Yakubyougami (ผู้ชักนำหายนะ) [Thai ver by Meen]",https://www.youtube.com/watch?v=_bMB26x6frY,_bMB26x6frY,2017-05-14T08:56:45Z,03:45,"1,377","ขอแหกปากนิดๆก่อนเปิดเทอมค่ะQvQ
ไม่มีไรม้วก เพลงมันหนุก อยากร้องQvQ

สามารถฟังใน Smule ได้เลยค่า!
https://www.smule.com/recording/ia-yakubyougami-thai-ver/1042919580_1281692424

ขอขอบคุณซับไทย
https://www.youtube.com/watch?v=P7pERFzUHz0

ขอขอบคุณคาราโอเกะ
https://www.youtube.com/watch?v=BlGar3wckAE

ขอขอบคุณวีดิโอ
https://www.youtube.com/watch?v=z1WfsWU2qds

และขอบคุณทุกท่านที่รับชมค่ะ ^_^",https://i.ytimg.com/vi/_bMB26x6frY/hqdefault.jpg,available
"Meen Thaisub",https://www.youtube.com/@meenthaisub,UC3INtPxO33d5mSLLYRnxLgQ,80,"Meteor (ความฝันยามค่ำคืนของดาวตก) [Thai ver by Meen]",https://www.youtube.com/watch?v=yVyLUdQJWM0,yVyLUdQJWM0,2017-05-11T11:29:40Z,08:36,"2,905","อ้าก!!!!!? ในที่สุดก็ได้ร้อง!!!!?
เพลงนี้ร้องยากมากเลยQAQ เสียงก็สูง ลิ้นเกือบพัน แถมยาวมากด้วยQAQ (เพราะร้องแบบเทปเดียวจบ)
แต่ก็มาเศร้านิดๆที่มีลิขสิทธิ์QAQ เราจะทำเป็นไม่เห็นแล้วกัน (ห๊ะ!?)
ปล.เมื่อกี้ลบวีดิโอทิ้งเพราะรู้สึกว่าพิมผิดเยอะไปเฉยๆค่ะ ต้องขออภัยด้วยนะคะQAQ
ปล2. เนื้อเพลงตรง ร้องว่า
"" เหมือนกับว่าฟื้นคืนชีพขึ้นมาอีกครั้ง
ฟันเฟืองที่กำลังทำงานจนกว่าจะแตกสลาย "" นะคะ

John (music, lyrics)
SOE (illust, video)

สามารถฟังใน Smule ได้เลยค่า!
https://www.smule.com/recording/hatsune-miku-meteor-thai-ver/1042919580_1273399459

ขอขอบคุณซับไทย
https://www.youtube.com/watch?v=INK6o0Q7_CI

ขอขอบคุณคาราโอเกะ
https://www.youtube.com/watch?v=KvIWOeXSRGs

ขอขอบคุณรูปภาพ
http://www.zerochan.net/576670

และขอบคุณทุกท่านที่รับชมค่ะ ^_^",https://i.ytimg.com/vi/yVyLUdQJWM0/hqdefault.jpg,available
"Meen Thaisub",https://www.youtube.com/@meenthaisub,UC3INtPxO33d5mSLLYRnxLgQ,81,"[Re-make] Kanashimi no Nami ni Oboreru ( จมดิ่งสู่ห้วงแห่งความโศกเศร้า ) [Thai ver by Meen]",https://www.youtube.com/watch?v=P-J79TfPtAw,P-J79TfPtAw,2017-05-07T04:40:56Z,03:31,"1,418","งืมๆ กะจะลงตั้งแต่เมื่อวานล่ะ แต่ก็นะ ยูทูปมัน----
คือช่วงนี้ตันเพลงด้วย เลย Re make เอา แฮะๆ

สามารถฟังใน Smule ได้เลยค่า!
https://www.smule.com/recording/kagamine-len-kanashimi-no-nami-ni-oboreru-thai-ver/1042919580_1256082474

ขอขอบคุณซับไทย
https://www.youtube.com/watch?v=SHS8PlB77Zc

ขอขอบคุณคาราโอเกะ
https://www.youtube.com/watch?v=tkar7MffTJs

ขอขอบคุณวีดิโอ
https://www.youtube.com/watch?v=-LdmDSiWAew

และขอบคุณทุกท่านที่รับชมค่ะ ^_^",https://i.ytimg.com/vi/P-J79TfPtAw/hqdefault.jpg,available
"Meen Thaisub",https://www.youtube.com/@meenthaisub,UC3INtPxO33d5mSLLYRnxLgQ,82,"FPS (First Person Shooting) [Thai ver by Meen]",https://www.youtube.com/watch?v=LPcwY4b87B4,LPcwY4b87B4,2017-05-01T07:23:01Z,03:46,814,"ขออำลาแล้วบ๊ายบายล่ะ
ทำไมเพลงนี้ขลังแปลกๆแฮะ ตอนร้องมีความจิตตกมากเยยQvQ???

สามารถฟังใน Smule ได้เลยค่า!
https://www.smule.com/recording/kagamine-len-fps-thai-ver/1042919580_1244912178

ขอขอบคุณซับไทย
https://www.youtube.com/watch?v=Z15LqWvVJNI
https://www.youtube.com/watch?v=RB1ddq4ivM4

ขอขอบคุณคาราโอเกะ
https://www.youtube.com/watch?v=37fstM_iNeU

ขอขอบคุณวีดิโอ
https://www.youtube.com/watch?v=IZARN0Zwerw

และขอบคุณทุกท่านที่รับชมค่ะ ^_^",https://i.ytimg.com/vi/LPcwY4b87B4/hqdefault.jpg,available
"Meen Thaisub",https://www.youtube.com/@meenthaisub,UC3INtPxO33d5mSLLYRnxLgQ,83,"Black ★ Rock Shooter [Thai ver by Meen]",https://www.youtube.com/watch?v=1G0ta0kU7BY,1G0ta0kU7BY,2017-04-19T06:02:49Z,04:56,"20,295","เย่!!!! ในที่สุดก็ได้ร้องเพลงช่องช้านนนนนนนนนนน(?)
(ก็รูปช่องเป็นBRSนี่นา?) แถมได้พากย์นิดๆด้วย อิอิ
แต่ก็ต้องด้นคอรัสใน Smule เองก็เหนื่อยมากเลย กลัวเพี้ยนอ่ะQAQ
ฟังแล้วเป็นไงบอกด้วยนะQvQ

สามารถฟังใน Smule ได้เลยค่า!
https://www.smule.com/recording/hatsune-miku-black-rock-shooter-thai-ver/1042919580_1210016555

ขอขอบคุณซับไทย
https://www.youtube.com/watch?v=y_cqoJVzd3A
https://www.youtube.com/watch?v=GXxE3yfazk8

ขอขอบคุณคาราโอเกะ
https://www.youtube.com/watch?v=8LHrclDI6JM

ขอขอบคุณวีดิโอ
https://www.youtube.com/watch?v=sRJURWOU4ko

และขอบคุณทุกท่านที่รับชมค่ะ ^_^",https://i.ytimg.com/vi/1G0ta0kU7BY/hqdefault.jpg,available
"Meen Thaisub",https://www.youtube.com/@meenthaisub,UC3INtPxO33d5mSLLYRnxLgQ,84,"Hibikase(ก้องกังวาล)[Thai ver by Meen]",https://www.youtube.com/watch?v=9IC-hvB2vxM,9IC-hvB2vxM,2017-04-11T13:29:53Z,04:17,"8,497","แฮะๆ แต่งเองร้องเองมันเละๆแฮะครั้งนี้
งือ... เค้ารับบ่ได้(?)

สามารถฟังใน Smule ได้เลยค่า!
https://www.smule.com/recording/hatsune-miku-thai-ver-hibikase/1042919580_1187119858

ขอขอบคุณซับไทย
https://www.youtube.com/watch?v=Lk9dASxldzc
https://www.youtube.com/watch?v=bhlJz8C5NfM

ขอขอบคุณคาราโอเกะ
https://www.youtube.com/watch?v=qUBSvfjL4aY

ขอขอบคุณวีดิโอ
https://www.youtube.com/watch?v=UC_qla6FQwM

และขอบคุณทุกท่านที่รับชมค่ะ ^_^",https://i.ytimg.com/vi/9IC-hvB2vxM/hqdefault.jpg,available
"Meen Thaisub",https://www.youtube.com/@meenthaisub,UC3INtPxO33d5mSLLYRnxLgQ,85,"Remote controL(รีโมทคอนโทรล)[Thai ver by Meen]",https://www.youtube.com/watch?v=hGnyKC3PJmU,hGnyKC3PJmU,2017-04-04T13:18:01Z,03:29,"5,049","หากถามว่าทำไมลงเพลงใหม่เร็วมาก
ว่างจัดค่ะ(?) นานๆจะได้ว่างแบบนี้เอาไปเลย!!!
เพลงนี้สนุกมาก! ชอบๆๆ!!

สามารถฟังใน Smule ได้เลยค่า!
https://www.smule.com/recording/kagamine-rin-len-thai-ver-remote-control-pdf-ver/1042919580_1166584201

ขอขอบคุณซับไทย
https://www.youtube.com/watch?v=qQcJPGmGO9c

ขอขอบคุณคาราโอเกะ
https://www.youtube.com/watch?v=7XWWEobTbXU

ขอขอบคุณวีดิโอ
https://www.youtube.com/watch?v=7eZHe7S55To

และขอบคุณทุกท่านที่รับชมค่ะ ^_^",https://i.ytimg.com/vi/hGnyKC3PJmU/hqdefault.jpg,available
"Meen Thaisub",https://www.youtube.com/@meenthaisub,UC3INtPxO33d5mSLLYRnxLgQ,86,"Idola no Circus [Thai ver by Meen]",https://www.youtube.com/watch?v=7dfgBmTCXsg,7dfgBmTCXsg,2017-04-03T12:43:26Z,03:33,"2,395","หมายเหตุ

เพลงนี้อัดมาจาก Smule ดังนั้นเสียงอาจจะแปลกไปจากเดิม
หรือป่าวไม่รู้ หากไม่ชอบต้องขออภัยด้วยนะคะ
สามารถฟังใน Smule ได้เลยค่า!
https://www.smule.com/recording/neru-thai-ver-idola-no-circus/1042919580_1163665380

ขอขอบคุณซับไทย
https://www.youtube.com/watch?v=ep-D4xp729M

ขอขอบคุณคาราโอเกะ
https://www.youtube.com/watch?v=9iHM20LSsIA

ขอขอบคุณรูปภาพ
(หาแหล่งที่มาไม่เจอค่ะ แต่ถ้าหาในกูเกิ้ล พิมพ์ Idola no Circus ก็จะเจอรูปแรกๆเลยค่ะ^^)

และขอบคุณทุกท่านที่รับชมค่ะ ^_^",https://i.ytimg.com/vi/7dfgBmTCXsg/hqdefault.jpg,available
"Meen Thaisub",https://www.youtube.com/@meenthaisub,UC3INtPxO33d5mSLLYRnxLgQ,87,"เพราะคลิปนี้คือ Meen Thaisub และ Q&A ของผู้ติดตามจร้า(???)",https://www.youtube.com/watch?v=Q3tRT2YVDBU,Q3tRT2YVDBU,2017-03-06T00:58:45Z,09:36,297,"ตามในคลิปค่า
(หมายเหตุ : ""วันนี้อายุ 16"" คือหนูเกิดวันที่ 6 มีนา น่ะค่ะQwQ)

(และสำหรับ Sing ของ Smule แนะนำให้ชวนทางแชตในSmuleนะคะ
ถ้าชวนมาแล้วเพลงไหนไม่ร้องให้มี 2 เหตุผลค่ะ
1.ยังไม่ได้เปิดมาดู
2.ร้องไม่เป็น QwQ

Song
Tobu & Itro - Sunburst 
https://www.youtube.com/watch?v=1YaS28DXO5M

เครดิตอื่นๆคงลงไม่ไหว
แต่ถ้าอยากได้รูปหรืออะไรจากในคลิปคอมเม้นได้นะจ๊ะ

หมายเหตุ : อาจมีคำไม่สุภาพหรืออื่นๆในคลิป(?) ต้องขออภัยด้วยนะคะ

ขอบคุณที่ติดตามมาตลอดค่า! ^^",https://i.ytimg.com/vi/Q3tRT2YVDBU/hqdefault.jpg,available
"Meen Thaisub",https://www.youtube.com/@meenthaisub,UC3INtPxO33d5mSLLYRnxLgQ,88,"Kirisaki★Carnival (คาร์นิวัลแห่งการฉีกกระชาก) [Thai ver by Meen]",https://www.youtube.com/watch?v=QXPcgHsOX7o,QXPcgHsOX7o,2017-03-04T04:47:31Z,05:24,"8,234","切断(キリサキ)★舞踏会(CARNIVAL) 逆巻カナト(CV:梶裕貴)

Anime - Diabolik Lovers
Character - Sakamaki Kanato
Voice - Yuki Kaji

เพลงเค้าดี ซาดิสได้ที่ แต่เราร้องกากจังรอบนี้ เฮ้อ...
ช่วงนี้จิตใจหนูไม่ค่อยดีอ่ะค่ะ ร้องไห้ได้เกือบทุกวัน มันมีเรื่องที่โรงเรียนหนักมากอ่ะค่ะ ก็ขอโทษด้วยนะคะ งานเลยไม่ได้เรื่องเลยQAQ

หมายเหตุ : หนูเห็นว่ามีคอมเม้นให้ร้องเพลง Character ของเรื่องนี้น่ะค่ะ ก็เลยเลือกเพลงนี้มาร้องเพราะหนูชอบคานาโตะคุง(?) ถ้าไม่ถูกใจก็ขออภัยนะคะ

ขอขอบคุณซับไทย
https://www.youtube.com/watch?v=Wz1VfZEPWzc

ขอขอบคุณคาราโอเกะ
https://www.youtube.com/watch?v=g4zrvzn6YTU

ขอขอบคุณรูปภาพ
https://www.pinterest.com/pin/400187116868680888/

และขอบคุณทุกท่านที่รับชมค่ะ ^_^",https://i.ytimg.com/vi/QXPcgHsOX7o/hqdefault.jpg,available
"Meen Thaisub",https://www.youtube.com/@meenthaisub,UC3INtPxO33d5mSLLYRnxLgQ,89,"Garbage Parade (พาเหรดกองขยะ) [Thai ver by Meen]",https://www.youtube.com/watch?v=NoKJBKej3DM,NoKJBKej3DM,2017-02-24T13:36:40Z,04:35,774,"เย่ๆ!! เพลงที่หาไทยซับมานาน ทางพี่ INDEX แปลมาทั้งทีก็เอามาใช้ซะ!? 
ฮ่าๆๆๆๆ!? // บ้าแปป

ปล. หลังๆระวังลำโพงแตก(?)

ปล2. ขอบคุณทางพี่ๆ INDEX อีกทีนะคะ!^^
https://www.youtube.com/channel/UCGn-q6LO2zWPbR01q3_DOVQ

ปล3. มีความเมานิดๆ อาจร้องเละเทะบ้างก็ขออภัยนะคะQwQ

ขอขอบคุณซับไทย
https://www.youtube.com/watch?v=UsU-UTGeFyM

ขอขอบคุณคาราโอเกะ
http://www.nicovideo.jp/watch/sm17526686

ขอขอบคุณวีดิโอ
https://www.youtube.com/watch?v=_4XWZYwgEyI

และขอบคุณทุกท่านที่รับชมค่ะ ^_^",https://i.ytimg.com/vi/NoKJBKej3DM/hqdefault.jpg,available
"Meen Thaisub",https://www.youtube.com/@meenthaisub,UC3INtPxO33d5mSLLYRnxLgQ,90,"Unhappy Refrain [Thai ver by Meen]",https://www.youtube.com/watch?v=Tf7yIRXR7o8,Tf7yIRXR7o8,2017-02-09T14:23:56Z,03:47,"1,917","เรียกว่าร้องกันช่องร้างก็ได้ค่ะ ทั้งร้องผิดทั้งลิ้นพัน แงะQwQ
เพลงสนุกมาก ชอบๆ ถ้าลิ้นไปพันกันอ่ะQAQ
ปล.เพลงมัน(น่าจะ)เบากว่าเสียงร้องนะคะ อย่าพึ่งรีบปรับหูฟังแล้วกันค่ะQwQ

ขอขอบคุณซับไทย
https://www.youtube.com/watch?v=kmYBNqN0sl8

ขอขอบคุณคาราโอเกะ
https://www.youtube.com/watch?v=VgyZNL8w7ao

ขอขอบคุณวีดิโอ
https://www.youtube.com/watch?v=7JRbKGnlfxg

และขอบคุณทุกท่านที่รับชมค่ะ ^_^",https://i.ytimg.com/vi/Tf7yIRXR7o8/hqdefault.jpg,available
"Meen Thaisub",https://www.youtube.com/@meenthaisub,UC3INtPxO33d5mSLLYRnxLgQ,91,"The Lost One's Weeping(การคร่ำครวญของสิ่งหนึ่งที่หายไป)[Thai ver by Meen]",https://www.youtube.com/watch?v=Z6QKSipQjgU,Z6QKSipQjgU,2016-12-19T14:15:51Z,03:39,"5,122","เฮ้อ...ทำไมจู่ๆอยากแหกปาก(?)
เอาเป็นว่า...หลังจากหายไปนานก็หาอะไรทำแล้วเนอะ(?)
คำเตือน : ระวังหู(?)

ขอขอบคุณเนื้อเพลงไทย
https://www.youtube.com/watch?v=YSdTGBLi8Vs
https://www.youtube.com/watch?v=Ms-hs7hqs4Q

ขอขอบคุณคาราโอเกะ
https://www.youtube.com/watch?v=uTnQxVngV7Y

ขอขอบคุณวีดิโอ
https://www.youtube.com/watch?v=9s1QPM8SCjk

และขอบคุณทุกท่านที่รับชมค่ะ ^_^",https://i.ytimg.com/vi/Z6QKSipQjgU/hqdefault.jpg,available
"Meen Thaisub",https://www.youtube.com/@meenthaisub,UC3INtPxO33d5mSLLYRnxLgQ,92,"Out of Eden [Thai ver by Meen]",https://www.youtube.com/watch?v=0b_fYEtyMCg,0b_fYEtyMCg,2016-10-10T07:46:24Z,05:14,"2,628","เยี่ยม!? เสร็จแล้ว!? โว้!(?) (แบบเผาค่ะQwQ) เรียกร้องมาตั้งนาน เสร็จซักที เฮ้อ.. // พักคอแปป
รู้สึกว่าร้องไม่ค่อยชัดเลยแฮะ เนื้อเพลงก็แปลกๆ(กลางๆเพลงอ่ะนะ) 
แต่นี่ก็สุดความสามารถในตอนนี้แล้วค่ะ เพราะโคตรโทรมเลยวันนี้ แงๆ(?)

ขอขอบคุณซับไทย 
https://www.youtube.com/watch?v=zGn9BK6xBOQ
https://www.youtube.com/watch?v=xU5Aa0Wlq-k
https://www.youtube.com/watch?v=ZR76I0sLndU
(เยอะไปไหน=w=)

ขอขอบคุณคาราโอเกะ
https://www.youtube.com/watch?v=FMHqWyBjbfQ

ขอขอบคุณรูปภาพ
http://www.zerochan.net/1543079#full
(แต่งรูปอีกทีนะคะQwQ)

ขอบคุณทุกท่านที่รับชมค่ะ^_^",https://i.ytimg.com/vi/0b_fYEtyMCg/hqdefault.jpg,available
"Meen Thaisub",https://www.youtube.com/@meenthaisub,UC3INtPxO33d5mSLLYRnxLgQ,93,"KomoriUta(เพลงกล่อมเด็กกำพร้า)[Thai ver by Meen]",https://www.youtube.com/watch?v=RNCta8pmdLA,RNCta8pmdLA,2016-08-10T13:55:20Z,06:15,"1,241","วันแม่จ้าQwQ
แต่เพลงเหมือนเด็กอยากบอกแม่มากกว่าแฮะ
แถมทำล่วงหน้าวันแม่อีก เฮ้อ?
พอดีวันแม่จริงๆหนูมีธุระเลยเปิดคอมไม่ได้ ล่วงหน้า 2 วันไม่เป็นไรเนอะ???
อิอิ เพลงนี้หลังๆร้องยากอ่ะ(หรือคิดไปเอง?) ทำนองมั่วไปหมดเลย 
ปล. เพลงนี้แรกๆเสียงดนตรีเบาเสียงร้องดังมาก ระวังหูด้วยนะคะQwQ
 
ขอขอบคุณไทยซับ
https://www.youtube.com/watch?v=VR4GqPUTaXw

ขอขอบคุณคาราโอเกะ
http://www.4shared.com/mp3/fX9Ix0m_/__off_vocal_ver_.html

ขอขอบคุณรูปภาพ
http://www.nicovideo.jp/watch/sm4956501

และขอบคุณทุกท่านที่รับชมค่ะ ^_^",https://i.ytimg.com/vi/RNCta8pmdLA/hqdefault.jpg,available
"Meen Thaisub",https://www.youtube.com/@meenthaisub,UC3INtPxO33d5mSLLYRnxLgQ,94,"Shinsetsu Shounen Shinkaron(ทฤษฎี""วิวัฒนาการใหม่""ของเด็กชาย)[Thai ver by Meen]",https://www.youtube.com/watch?v=Oc6HlTHuvz8,Oc6HlTHuvz8,2016-07-22T14:21:06Z,03:53,810,"สวัสดีค่า วันนี้ทำให้ช่องหายร้างแล้ว(?)
พอดีเกิดอุบัติเหตุนิดหน่อยค่ะ

คอมของหนูโดนล้างใหม่ เนื้อเพลงหายหมดเลย 
หนูก็เลยร้องเพลงนี้แก้ขัดไปก่อน เพราะมันเป็นเพลงเดียวที่หนูเขียนเนื้อเพลงใส่กระดาษน่ะค่ะ(?)

แต่สำหรับคนที่ขอให้ร้องเพลงในคลิปนี้
https://www.youtube.com/watch?v=nvua43mkhB0
ไม่ต้องเสียใจนะคะ หนูพอจำเนื้อเพลงได้ พิมพ์ใหม่แปปเดียวต้องได้ร้องแน่นอนค่ะ^^

ต้องขออภัย ณ โอกาสนี้ด้วยนะคะ // โค้ง

ขอขอบคุณไทยซับ
https://www.youtube.com/watch?v=ABQFjk631l8

ขอขอบคุณคาราโอเกะ
https://www.youtube.com/watch?v=RNKgTrnd4nE

ขอขอบคุณรูปภาพ
http://www.wallpaperup.com/71396/blonde_hair_green_eyes_kagamine_len_male_short_hair_toya_kure_vocaloid.html

และขอบคุณทุกท่านที่รับชมค่ะ ^_^",https://i.ytimg.com/vi/Oc6HlTHuvz8/hqdefault.jpg,available
"Meen Thaisub",https://www.youtube.com/@meenthaisub,UC3INtPxO33d5mSLLYRnxLgQ,95,"Prison Break(ปฏิบัติการแหกคุกนรก)[Thai ver by Meen]",https://www.youtube.com/watch?v=niw3i9ELvKQ,niw3i9ELvKQ,2016-05-06T05:14:34Z,03:47,"1,766","เย้ๆๆ ชอบเพลงนี้มากเลยค่า!!! จริงๆก็แค่ร้องเล่นๆแบบไมค์พัง??? แต่มันอดใจไม่ไหวอ่า!!! 

ขอขอบคุณไทยซับ
https://www.youtube.com/watch?v=fDtqzC22CoU

ขอขอบคุณคาราโอเกะ
https://www.youtube.com/watch?v=KKdCDjayyng

ขอขอบคุณวีดิโอ
https://www.youtube.com/watch?v=nEJ-m6KNddI

ขอบคุณทุกท่านที่รับชมค่ะ^_^",https://i.ytimg.com/vi/niw3i9ELvKQ/hqdefault.jpg,available
"Meen Thaisub",https://www.youtube.com/@meenthaisub,UC3INtPxO33d5mSLLYRnxLgQ,96,"Justitia Of Life(ความยุติธรรมของชีวิต)[Thai ver by Meen]",https://www.youtube.com/watch?v=kfjnrluf_JU,kfjnrluf_JU,2016-04-29T13:36:09Z,04:11,"1,553","เย้ๆ อยากร้องมานานมาก แต่เละกว่าที่คิดไว้อีก แงๆQAQ
ทำไมหมู่นี้รู้สึกว่างานมัน(เสียง)เบาๆนะ กรรม

ขอขอบคุณไทยซับ
https://www.youtube.com/watch?v=FaDZNOtWV3s

ขอขอบคุณคาราโอเกะ
https://www.youtube.com/watch?v=3v47h_a-1jA

ขอขอบคุณวีดิโอ
https://www.youtube.com/watch?v=Gny0x_7Gp68

ขอบคุณทุกท่านที่รับชมค่ะ^_^",https://i.ytimg.com/vi/kfjnrluf_JU/hqdefault.jpg,available
"Meen Thaisub",https://www.youtube.com/@meenthaisub,UC3INtPxO33d5mSLLYRnxLgQ,97,"Hitorinbo Envy(ความริษยาอันสันโดษ)[Thai cover by Meen]",https://www.youtube.com/watch?v=JZiyruVG9sI,JZiyruVG9sI,2016-04-23T14:19:08Z,03:31,"3,715","ไหนๆวันนี้หนูก็ว่าง ตามคำขอค่า!! แบบเผานะคะ 
อาจจะเละไปกน่อย ขออภัยนะคะQwQ แฮะๆๆ 
ปล.เพลงอาจเบานิดนึง ระวังหูและขออภัยด้วยค่ะ // โค้ง

ขอขอบคุณเนื้อเพลงไทย
https://soundcloud.com/rainy-rose/thai-ver-hitorinbo-envy

ขอขอบคุณคาราโอเกะ
https://www.youtube.com/watch?v=iDOojMLwqaw

ขอขอบคุณวีดิโอ
https://www.youtube.com/watch?v=WfjefMXFSz0

ขอบคุณทุกท่านที่รับชมค่ะ^_^",https://i.ytimg.com/vi/JZiyruVG9sI/hqdefault.jpg,available
"Meen Thaisub",https://www.youtube.com/@meenthaisub,UC3INtPxO33d5mSLLYRnxLgQ,98,"Monochrome dream eater(ผู้กลืนกินความฝันสีขาวดำ)[Thai ver by Meen]",https://www.youtube.com/watch?v=QBYF1jXB3P0,QBYF1jXB3P0,2016-02-14T09:14:59Z,03:40,"2,868","วันวาเลนไทน์อันแสนสิ้นคิดที่เอาเพลงแบบนี้มาร้อง บ่นอะไรเนี่ย ฮาๆ แต่ช่วงนี้ไม่ค่อยได้แตะคอมจริงๆค่ะ นานๆจะลงเพลงที แต่ก็ทำอย่างสุดความสามารถแล้วค่ะ แค่ไม่เข้ากับเทศกาลนิดเดียวเอง อิอิ
ปล.ไม่แน่ใจว่าเนื้อเพลงสะกดผิดบ้างมั้ยเพราะรีบจัด ต้องขออภัยด้วยนะคะ

ขอขอบคุณซับไทย 
https://www.youtube.com/watch?v=wNgxU...

ขอขอบคุณคาราโอเกะ
https://www.youtube.com/watch?v=Y-6Nz...

ขอขอบคุณวีดิโอ
https://www.youtube.com/watch?v=lWLPF...

ขอบคุณทุกท่านที่รับชมค่ะ^_^",https://i.ytimg.com/vi/QBYF1jXB3P0/hqdefault.jpg,available
"Meen Thaisub",https://www.youtube.com/@meenthaisub,UC3INtPxO33d5mSLLYRnxLgQ,99,"Knife(มีด)[Thai ver by Meen]",https://www.youtube.com/watch?v=oRe3jqupeNE,oRe3jqupeNE,2016-01-16T08:50:08Z,03:26,"5,917","เย้ๆๆๆๆๆๆ!!!! เพลงนี้อยากร้องมานานแล้ว แต่ทำไมเสียงมันเละแบบนี้ล่า!!!?
เสียงสามคนที่ร้องคนเดียวไม่ค่อยต่างกันเล้ย! แถมร้องเบาไปอีก กรรม--- 
แต่ก็ทำอย่างสุดความสามารถแล้วค่ะ ช่วยติชมด้วยนะคะ!

ขอขอบคุณซับไทย 
https://www.youtube.com/watch?v=mTWGM9iUQjQ

ขอขอบคุณคาราโอเกะ
https://www.youtube.com/watch?v=STosp7Gy8QI

ขอขอบคุณวีดิโอ
https://www.youtube.com/watch?v=gt77YmQzciI

ขอบคุณทุกท่านที่รับชมค่ะ^_^",https://i.ytimg.com/vi/oRe3jqupeNE/hqdefault.jpg,available
"Meen Thaisub",https://www.youtube.com/@meenthaisub,UC3INtPxO33d5mSLLYRnxLgQ,100,"Shinkai Shoujo Another[Piano ver][Thai ver by meen]",https://www.youtube.com/watch?v=ASWIZvdxDNA,ASWIZvdxDNA,2015-12-28T13:37:41Z,04:53,"7,866","เย้ๆ หนูได้โปรแกรมตัดต่อล่ะ แต่ยังไม่ค่อยชินเลย ลองลงดูก่อนแล้วกัน ถือว่าเป็นคลิปปีใหม่นะคะ แน่นอนว่า... มีเพื้อน และสะดุดค่ะ!? ช่วยติชมด้วยนะคะ^^

ขอขอบคุณซับไทย 
https://www.youtube.com/watch?v=GZFMpjSkrvU

ขอขอบคุณเสียงเปียโน
https://www.youtube.com/watch?v=D24u8KCLnVo

ขอขอบคุณรูปภาพ
http://www.zerochan.net/1858015

ขอบคุณทุกท่านที่รับชมค่ะ^_^",https://i.ytimg.com/vi/ASWIZvdxDNA/hqdefault.jpg,available
"Meen Thaisub",https://www.youtube.com/@meenthaisub,UC3INtPxO33d5mSLLYRnxLgQ,101,"Sekai wo kowashiteiru(ขณะทำลายล้างโลกใบนี้)[Thai ver by meen]",https://www.youtube.com/watch?v=ZZgoinFWWX4,ZZgoinFWWX4,2015-12-04T12:38:07Z,03:24,404,"เย้ๆ ได้ร้องแล้วๆ เพลงนี้เพิ่งเริ่มฟังไม่นาน โดนใจมากเยย จะร้องออกมาดีหรือป่าวเนี่ย อิอิ

ขอขอบคุณซับไทย 
https://www.youtube.com/watch?v=M-rAtrDhBJU

ขอขอบคุณคาราโอเกะ
https://www.youtube.com/watch?v=AiyjYdH7FiQ

ขอขอบคุณรูปภาพ
http://nbcuni-music.com/neru/news/index00010000.html

ขอบคุณทุกท่านที่รับชมค่ะ^_^",https://i.ytimg.com/vi/ZZgoinFWWX4/hqdefault.jpg,available
"Meen Thaisub",https://www.youtube.com/@meenthaisub,UC3INtPxO33d5mSLLYRnxLgQ,102,"Tokyo teddy bear [Piano ver][Thai cover by meen]",https://www.youtube.com/watch?v=GjoP4wZzTVk,GjoP4wZzTVk,2015-12-04T12:35:54Z,03:11,"1,607","แฮะๆ หมู่นี้หนูไม่ค่อยมีไอเดียเรื่องหาเพลงเท่าไหร่ ขอยืมเนื้อเพลงมาร้องเช่นเดิมนะคะ ^^;

ขอขอบคุณเนื้อเพลงจากAy-jin
http://jintryku.exteen.com/20111023/12304-lyrics-th-12305-tokyo-teddy-bear-vocaloid

ขอขอบคุณเปียโน
https://www.youtube.com/watch?v=u_8B7WXHVmU

ขอขอบคุณรูปภาพ
http://www.zerochan.net/776306

ขอบคุณทุกท่านที่รับชมค่ะ^_^",https://i.ytimg.com/vi/GjoP4wZzTVk/hqdefault.jpg,available
"Meen Thaisub",https://www.youtube.com/@meenthaisub,UC3INtPxO33d5mSLLYRnxLgQ,103,"Kowase Kowase (ทำลายซะ ทำลายซะ) [Thai ver by meen]",https://www.youtube.com/watch?v=d-I-MNLSJGY,d-I-MNLSJGY,2015-11-14T07:00:58Z,03:36,417,"ทำลายเสีย...ฮาๆ
แม้จะไม่เหวี่ยงมากนักแต่ก็มันส์ดี =w=;
ปล.กลัวติดลิขสิทธิจังQwQ

-------------------------------------------------------------------------------------------------------

เนื้อเพลง :
กลิ่นโชยของจันทรายามราตรีลอยมาจากที่ห่างไกล
เสียงสายลมที่พัดแว่วมา ในขณะนั้น ขณะที่เธอกำลังก้าวเดินอยู่

ในตอนนี้เธอกำลังคิดอะไรอยู่งั้นหรอ?
หรือสิ่งที่ฉันปรารถนาไว้มันจะมากเกินไป
ฉันจะคว้าเบื้องหลังของรอยยิ้มจอมปลอมนั้นไว้
แล้วจึงปลดปล่อยออกมา ก็เพื่อแสดงให้เธอดู

หากสายตาของเธอจับจ้องมาที่ฉันอีก

ไม่จำเป็นที่จะต้องร้องเอ่ยถ้อยคำใดๆ
ขอแค่ทิ้งรอยยิ้มอันแสนเย็นชาแบบนั้นไปซะก็มากเพียงพอ
ความหมายที่แอบแฝงในน้ำเสียงอันอบอุ่น
ทำให้ใจฉันต้องยอมแพ้จากทุกท่าทีที่เธอมีให้ฉันทุกครั้ง
จะทำลายเสียให้สิ้นไป

ตั้งแต่ที่ฉันก้าวลงบันไดจากปลายดาดฟ้า
ยังคงหลงเหลือความรู้สึกนั้นที่ไม่ยอมหายไป
เมื่อเบือนหันมองสายตาอันแสนกลมโตคู่นั้น
กลับมองเห็นเพียงแค่ส่วนสีขาวของดวงตาสีงาม

หากจะพูดอะไรก็จงสบสายตามา

เสียงของสายลมกำลังร้องตะโกนก้องออกไป
ราวกับไม่ได้ยินอะไรแม้แต่ถ้อยคำอันแสนไพเราะอ่อนโยน
ทำลายเสีย ทำลายเสีย ทำลายเสียให้สิ้นไป
ก็ไม่ปรารถนาอะไรอีกแล้วนี่ อา... ช่างไร้สาระซะจริงๆ
เมื่อคนๆนั้นก็คือเธอ

เสียงร้องของสายฝนดังก้องมาจากที่ที่แสนห่างไกล 
จากท้องนภายามราตรี ในขณะนั้น ที่เรากำลังนั่งอยู่ด้วยกันอย่างเงียบงัน

หากเป็นฉันเท่านั้นที่จะต้องอยู่กับเธอ
สุดท้ายแล้วก็คงต้องออกห่างจากกันไป ทีละนิด ทีละนิด
จนท้ายที่สุดก็เหลือเพียงแต่ความเงียบงัน
กลายเป็นสีขาวโพลนที่แสนหนักอึ้ง อา... ช่างแสนเย็นชาเหลือเกิน

ทำลายเสีย ทำลายเสีย ทำลายเสียให้สิ้นไป
ทำลายเสีย ทำลายเสีย ไม่ต้องการอีกแล้ว ทำลายเสียซะให้หมด
ทุกๆถ้อยคำสีแดงที่เธอได้เอื้อนเอ่ย
ก็ไม่ปรารถนาอะไรอีกแล้วนี่ อา... ช่างไร้สาระซะจริงๆ
ไม่รู้จักกันได้ยิ่งดี

-------------------------------------------------------------------------------------------------------

ขอขอบคุณซับไทย 
https://www.youtube.com/watch?v=QSsR0O9NVSg

ขอขอบคุณคาราโอเกะ
https://www.youtube.com/watch?v=9piuC6O_TRo

ขอขอบคุณรูปภาพ
http://vocaloid.wikia.com/wiki/%E5%A3%8A%E3%82%BB%E5%A3%8A%E3%82%BB_(Kowase_Kowase)

ขอบคุณทุกท่านที่รับชมค่ะ^_^",https://i.ytimg.com/vi/d-I-MNLSJGY/hqdefault.jpg,available
"Meen Thaisub",https://www.youtube.com/@meenthaisub,UC3INtPxO33d5mSLLYRnxLgQ,104,"Crescent Moon (จันทร์ข้างขึ้น) [Thai cover by meen]",https://www.youtube.com/watch?v=qkXAug1Tcbc,qkXAug1Tcbc,2015-10-21T10:49:51Z,04:01,"2,392","เพลงแสนสงบของไคโตะ เละทันตาเมื่อเราร้อง ฮาๆ
ปล. เพลงนี้หนูร้องเสียงดังไปหน่อยนะคะ ขออภัยด้วยถ้าหูแตก อิอิ

ขอขอบคุณเนื้อเพลงไทย 
https://soundcloud.com/d-dell/jougen-no-tsuki-thai-ver-d

ขอขอบคุณคาราโอเกะ
https://www.youtube.com/watch?v=lzLPsyEAugw

ขอขอบคุณรูปภาพ
http://anmaai.deviantart.com/art/Jougen-no-tsuki-448824014

ขอบคุณทุกท่านที่รับชมค่ะ^_^",https://i.ytimg.com/vi/qkXAug1Tcbc/hqdefault.jpg,available
"Meen Thaisub",https://www.youtube.com/@meenthaisub,UC3INtPxO33d5mSLLYRnxLgQ,105,"Re-education (เริ่มระบบการศึกษาใหม่)  [Thai ver by Meen]",https://www.youtube.com/watch?v=HBmX-fsghuM,HBmX-fsghuM,2015-10-02T06:08:06Z,04:11,"1,257","เพลงของ Neru คนโปรดค่ะ ครั้งนี้เหมือนจะร้องเบาไปแฮะ จะได้ยินกันมั้ยนะ? 
ถ้าทำไม่ดียังไงก็ติได้นะคะ ^^
ปล. เนื้อเพลงไทยอยู่ในความคิดเห็นใต้คลิปนะคะ ^^

ขอขอบคุณไทยซับ 
https://www.youtube.com/watch?v=sBi5y2ZmvdI

ขอขอบคุณคาราโอเกะ
https://www.youtube.com/watch?v=2W_4WO3_IXs

ขอขอบคุณรูปภาพ
http://www.topit.me/album/1267968/item/20878643

ขอบคุณทุกท่านที่รับชมค่ะ^_^",https://i.ytimg.com/vi/HBmX-fsghuM/hqdefault.jpg,available
"Meen Thaisub",https://www.youtube.com/@meenthaisub,UC3INtPxO33d5mSLLYRnxLgQ,106,"Iroha uta (เพลงหลากสี) [Thai ver by Meen]",https://www.youtube.com/watch?v=kZ1PhxRjF2Y,kZ1PhxRjF2Y,2015-09-30T12:13:41Z,04:06,"1,273","เสียงสูงอีกแล้วค่ะ คอพังๆ ฮาๆ
อันนี้ไปยืมเนื้อเพลงมาอีกแล้วค่ะ ถ้าแต่งเองไม่เพราะหรอก ฮิๆ

ขอขอบคุณเนื้อเพลงไทย 
http://nearmika.exteen.com/20130201/12300-thai-ver-12301-12356-12429-12399-21764-12300-marui-123
และคลิบต้นฉบับ
https://www.youtube.com/watch?v=ASgVrlScSRw

ขอขอบคุณคาราโอเกะ
https://www.youtube.com/watch?v=oqtNFWgB7pk

ขอขอบคุณรูปภาพ
https://projectdiva.wikispaces.com/Picture+Gallery

ขอบคุณทุกท่านที่รับชมค่ะ^_^",https://i.ytimg.com/vi/kZ1PhxRjF2Y/hqdefault.jpg,available
"Meen Thaisub",https://www.youtube.com/@meenthaisub,UC3INtPxO33d5mSLLYRnxLgQ,107,"The Fifth Pierrot (ปิเอโร่หมายเลข 5) [Thai ver by Meen]",https://www.youtube.com/watch?v=3XuuRZBRygo,3XuuRZBRygo,2015-09-25T11:51:56Z,04:15,"2,856","ผมคือปิเอโร่หมายเลข 5 วันนี้จะมาฆ่าคุณ!!! (เดี๋ยวๆ ผิดๆๆๆ)
หลังจากที่หายไปนาน เพลงไทยเวอร์มาแล้วค่าาาาา
แต่เพลงนี้เสียงสูงแฮะ ฝืนคอเราสุดๆ แต่ถ้านำไปร้องต่อจะดีใจมากกกก
ปล.เนื้อเพลงจะไปเขียนในความคิดเห็นใต้คลิปนะคะ 

ขอขอบคุณไทยซับ 
https://www.youtube.com/watch?v=4yYEuFkGkzQ 

ขอขอบคุณคาราโอเกะ
https://www.youtube.com/watch?v=4c2AhDsVOCo

ขอขอบคุณรูปภาพ
http://blog.livedoor.jp/abelard_lemy/archives/80319.html

ขอบคุณทุกท่านที่รับชมค่ะ^_^",https://i.ytimg.com/vi/3XuuRZBRygo/hqdefault.jpg,available
"Meen Thaisub",https://www.youtube.com/@meenthaisub,UC3INtPxO33d5mSLLYRnxLgQ,108,"Mr.sadistic night [TV size][Thai ver by Meen]",https://www.youtube.com/watch?v=DJiv_BR2VrY,DJiv_BR2VrY,2015-09-09T12:38:53Z,01:34,"13,516","ลองเขียนเนื้อร้องเล่นๆช่วยที่ยังนึกเพลงร้องไม่ได้ หนุ่มๆแวมไพร์จากเรื่อง Diabolik Lovers เท่มากเยย เพลงก็......ซาดิสดี ฮึๆๆ (แต่ก็กลัวติดลิขสิทธิ์ กรรม)

ขอขอบคุณไทยซับ
https://www.youtube.com/watch?v=-NeYD...

ขอขอบคุณคาราโอเกะ
https://www.youtube.com/watch?v=NGQMd...

ขอขอบคุณรูปภาพ
http://fbi.dek-d.com/27/0334/4542/114...

ขอบคุณทุกท่านที่รับชมค่ะ^_^",https://i.ytimg.com/vi/DJiv_BR2VrY/hqdefault.jpg,available
"Meen Thaisub",https://www.youtube.com/@meenthaisub,UC3INtPxO33d5mSLLYRnxLgQ,109,"Paper plane / Kami Hikouki (เครื่องบินกระดาษ) [Thai ver by Meen]",https://www.youtube.com/watch?v=086EPxdMflM,086EPxdMflM,2015-08-27T14:07:03Z,07:29,"2,828","ในที่สุดก็ได้ร้องต่อ หลังจากที่พักเจ็บคอมานาน ฮาๆ
ร้องเละมากเลย แงๆ ดีสุดแค่นี้แหละ =_=;

ขอขอบคุณไทยซับ
https://www.youtube.com/watch?v=_tBy44bDYv8

ขอขอบคุณคาระโอเกะ
https://www.youtube.com/watch?v=jtGoxe2vzTY

ขอขอบคุณรูปภาพ
http://www.fanpop.com/clubs/rin-and-len-kagamine/images/10245754/title/paper-plane-photo

ขอบคุณทุกท่านที่รับชมค่ะ^_^",https://i.ytimg.com/vi/086EPxdMflM/hqdefault.jpg,available
"Meen Thaisub",https://www.youtube.com/@meenthaisub,UC3INtPxO33d5mSLLYRnxLgQ,110,"テロル/ Terror (ความหวาดกลัว) [Thai ver by Meen]",https://www.youtube.com/watch?v=c-qTtvcJ4N0,c-qTtvcJ4N0,2015-07-01T12:15:56Z,03:55,894,"เพลงจาก Neru ค่ะ โอย...ลิ้นพัน เสียงสูงไปนิด คอแหบคอแห้ง =_=
ทำไมเราเขียนให้มันเพราะๆไม่เป็นเลย...แงะ...

ขอขอบคุณไทยซับ
https://www.youtube.com/watch?v=k7cDx7qBWUQ

ขอขอบคุณคาระโอเกะ
https://www.youtube.com/watch?v=IBdx57dvYGc

ขอขอบคุณรูปภาพ
http://www.pixiv.net/member_illust.php?mode=medium&illust_id=43971798

และขอบคุณทุกท่านที่รับชมค่ะ^_^",https://i.ytimg.com/vi/c-qTtvcJ4N0/hqdefault.jpg,available
"Meen Thaisub",https://www.youtube.com/@meenthaisub,UC3INtPxO33d5mSLLYRnxLgQ,111,"Prisoner / Shuujin (นักโทษ) [Thai ver by Meen]",https://www.youtube.com/watch?v=uIzdxNhuilc,uIzdxNhuilc,2015-06-30T12:29:05Z,06:01,"1,950","มีนิยายทั้งทีกระตุ้นให้ร้องค่าาาาา!!!
หนูเลนน่าสงสารT_T
แต่....ทำไมเราร้องซะเพลงเสีย (ประมาณว่าเพี้ยนๆอ่ะนะ แฮะๆ)

ขอขอบคุณไทยซับ
https://www.youtube.com/watch?v=KOO8oYyXthI

ขอขอบคุณคาระโอเกะ
https://www.youtube.com/watch?v=hHi6-crpwTU

ขอขอบคุณรูปภาพ
http://www.zerochan.net/1244226

ปล.เตรียมรอเพลงต่อ(เครื่องบินกระดาษ)ด้วยนะคะ

ขอบคุณทุกท่านที่รับชมค่ะ^_^",https://i.ytimg.com/vi/uIzdxNhuilc/hqdefault.jpg,available
"Meen Thaisub",https://www.youtube.com/@meenthaisub,UC3INtPxO33d5mSLLYRnxLgQ,112,"Tengaku (บทบรรเลงจากสวรรค์) [Thai ver by Meen]",https://www.youtube.com/watch?v=6q3dIyiU9BM,6q3dIyiU9BM,2015-06-16T11:41:16Z,03:34,"3,135","ด้วยเพลงแห่งสวรรค์!!! (กำลังอิน)
เพลงนี้ร้องมันส์มากๆเยย

ขอขอบคุณเนื้อเพลงไทยเวอร์ชั่น
https://www.youtube.com/watch?v=kQjqLNa4ilQ

ขอขอบคุณคาระโอเกะ
https://www.youtube.com/watch?v=7XWWEobTbXU

ขอขอบคุณรูปภาพ
http://cjhell.deviantart.com/art/Kagamine-Rin-457656536

ปล.ขอโทษสำหรับช่องMIkaru
( https://www.youtube.com/channel/UCu2OgBoy-BjOGbJl_JqDZUA )
ด้วยนะคะที่เปลี่ยนเนื้อเพลงนิดหน่อย ไม่อย่างนั้นหนูร้องไม่ถนัดจริงๆค่ะ

ขอบคุณทุกท่านที่รับชมค่ะ^_^",https://i.ytimg.com/vi/6q3dIyiU9BM/hqdefault.jpg,available
"Meen Thaisub",https://www.youtube.com/@meenthaisub,UC3INtPxO33d5mSLLYRnxLgQ,113,"Shounen Shoujo Chameleon Symptom (อาการคาร์เมเลียนของหนุ่มสาว)  [Thai ver by Meen]",https://www.youtube.com/watch?v=qSIkNn7DHs0,qSIkNn7DHs0,2015-05-20T13:35:20Z,03:31,370,"มากับเพลงของท่าน neru จ้า
หนูเจ็บคอของเจ็บเลย....
(ม่าย......ทำไมมีเสียงรินแว่วมา......ช่างมันเดอะ)

ขอขอบคุณคาราโอเกะ
http://www.nicovideo.jp/watch/sm17629647

ขอขอบคุณไทยซับ
https://www.youtube.com/watch?v=Z30c8jp6hLg

ขอขอบคุณรูปภาพ
(จำไม่ได้ว่าเอามาจากไหน ที่แน่ๆคือแต่งรูปนิดนึง)

และขอบคุณทุกท่านที่รับชมค่ะ^_^",https://i.ytimg.com/vi/qSIkNn7DHs0/hqdefault.jpg,available
"Meen Thaisub",https://www.youtube.com/@meenthaisub,UC3INtPxO33d5mSLLYRnxLgQ,114,"Soleil (แสงสุริยา) [Thai ver by Meen]",https://www.youtube.com/watch?v=gWSmknpMc4U,gWSmknpMc4U,2015-05-20T13:10:24Z,03:50,"3,826","เพราะจังเลยเพลงนี้
แย่จังที่เสียงเบาไปหน่อย
แต่น่าจะพอฟังได้นะ

ขอขอบคุณคาราโอเกะ
https://www.youtube.com/watch?v=W6ps6YpX5s4

ขอขอบคุณไทยซับ
https://www.youtube.com/watch?v=jUZmAToFMGs

ขอขอบคุณรูปภาพ
https://www.youtube.com/watch?v=-msIgw1IkUc

และขอบคุณทุกท่านที่รับชมค่ะ^_^",https://i.ytimg.com/vi/gWSmknpMc4U/hqdefault.jpg,available
"Meen Thaisub",https://www.youtube.com/@meenthaisub,UC3INtPxO33d5mSLLYRnxLgQ,115,"21 Sekai Exemplify (สภาพสังคมในศตวรรษที่ 21) [Piano ver][Thai ver by Meen]",https://www.youtube.com/watch?v=bUJK2LNMlLw,bUJK2LNMlLw,2015-05-02T11:15:38Z,03:12,313,"มาอีกแล้ว...... // เซมาเลย
เพลงนี้มันไม่ใช่ง่ายๆจริงๆ.....เสียงแหบแว้ว
กว่าจะได้ขนาดนี้ตั้ง 2 วันครึ่ง

ขอขอบคุณไทยซับ
https://www.youtube.com/watch?v=1IuoTu9oxuA

ขอขอบคุณเสียงเปียโน
http://www.nicovideo.jp/watch/sm22695818

ขอขอบคุณรูปภาพ
http://www.pixiv.net/member_illust.php?mode=medium&illust_id=42042711#_=_

และขอบคุณทุกท่านที่รับชมค่ะ^_^",https://i.ytimg.com/vi/bUJK2LNMlLw/hqdefault.jpg,available
"Meen Thaisub",https://www.youtube.com/@meenthaisub,UC3INtPxO33d5mSLLYRnxLgQ,116,"Life Prolonging Treatment (ชีวิตที่ยืดยาวเพราะการรักษา) [Thai ver by Meen]",https://www.youtube.com/watch?v=x_t6beo0A7s,x_t6beo0A7s,2015-04-23T05:38:26Z,03:30,661,"เพลงอัลบั้มนี้หนูชอบที่สุด!!!
ร้องยากอยู่แฮะ แถมเสียงแย่จัง แงๆ
ปล.คาราโอเกะเพลงนี้หายากมากๆค่ะ เลยเอาเป็นเท่าที่หาได้มาใช้

ขอขอบคุณคาราโอเกะ
https://www.youtube.com/watch?v=SNVozNTJ-yg

ขอขอบคุณไทยซับ
https://www.youtube.com/watch?v=sqOOv2PxoGc&index=84&list=PLQ_IT1dWVqRTzj4KgF36eQHNCD3RSXyIn

ขอขอบคุณรูปภาพ
https://www.pinterest.com/pin/467037423830754537/

และขอบคุณทุกท่านที่รับชมค่ะ^_^",https://i.ytimg.com/vi/x_t6beo0A7s/hqdefault.jpg,available
"Meen Thaisub",https://www.youtube.com/@meenthaisub,UC3INtPxO33d5mSLLYRnxLgQ,117,"Salvage (ผู้กอบกู้) [Thai ver by Meen]",https://www.youtube.com/watch?v=6UFqLfF3xRU,6UFqLfF3xRU,2015-03-11T13:03:01Z,04:33,326,"มาตามสัญญาแล้วค่ะ รินจัง ช่วยเลนด้วยนะ
อิอิ เพลงนี้มีไว้ปลอบใจเพื่อนเมื่อเพื่อนถูกทิ้งค่ะ // หราาาาาาา

ขอขอบคุณไทยซับ
https://www.youtube.com/watch?v=vx6jGOZQfR4

ขอขอบคุณคาราโอเกะ
https://www.youtube.com/watch?v=ma0nO7k-nZE

ขอขอบคุณรูปภาพ
https://www.youtube.com/watch?v=-Vkw9BIvhSA

ปล.คลิปนี้ทำอย่างรีบๆ จึงอาจมีข้อผิดพลาดบางจุดนะคะ ต้องขออภัยด้วยค่ะ",https://i.ytimg.com/vi/6UFqLfF3xRU/hqdefault.jpg,available
"Meen Thaisub",https://www.youtube.com/@meenthaisub,UC3INtPxO33d5mSLLYRnxLgQ,118,"Gomibako / Recycle Bin (ถังขยะรีไซเคิล) [Thai ver by Meen]",https://www.youtube.com/watch?v=WTVVXsA0K0Y,WTVVXsA0K0Y,2015-03-02T04:18:08Z,03:48,545,"แง.....หนูเลนของเราโดนทิ้ง // โดนเตะ
มาอีกแล้วเพลงนี้ เศร้า เหมาะสำหรับเรามาก.....

ขอขอบคุณไทยซับ
https://www.youtube.com/watch?v=PhnF19DR2K4&list=PLQ_IT1dWVqRTzj4KgF36eQHNCD3RSXyIn&index=3

ขอขอบคุณคาราโอเกะ
http://youtu.be/zU-oitJurDI

ขอขอบคุณรูปภาพ
https://www.youtube.com/watch?v=IJPFDt5cbHs

ปล.รอเพลงต่อของรินด้วยนะคะ",https://i.ytimg.com/vi/WTVVXsA0K0Y/hqdefault.jpg,available
"Meen Thaisub",https://www.youtube.com/@meenthaisub,UC3INtPxO33d5mSLLYRnxLgQ,119,"Erase or zero( ลบหรือศูนย์ ) [Thai ver by Meen]",https://www.youtube.com/watch?v=Lg0TiRxRO8s,Lg0TiRxRO8s,2015-01-25T12:35:02Z,03:50,"4,130","มาอีกเพลงแล้วค่ะ รอบนี้เสียงอาจหลงไปนิดนึงนะคะ เพราะว่าเพลงนี้หนูต้องร้องสองเสียง ( เชื่อมั้ยว่าสองเสียงนี้มาจากคนๆเดียว ) แถมบางจุดยังเพี้ยนอีก 
เช่น 
กลางคัน ( เผลอร้องคล้าย ขาคัน // ฮาแปป )
ครั้งเดียว ( เผลอร้องคล้าย ครึ่งเดียว )
ฯลฯ

เนื้อเพลงค่ะ
*เราจะจับมือกันเอาไว้ แม้อนาคตจะมืดมน
เราก็จะยังอยู่เคียงข้างกันอีกตลอดกาล
เมื่อยามที่แสงตะวันเข้าสู่ช่วงรัตติกาล
จะไม่เหลือฉัน หรือน้ำตา หรือสิ่งใด
ไว้เบื้องหลังเลย

ถึงแม้ฉันจะก้าวเดินต่อไป หรือล้มลงกลางคัน
ก็จะคงยิ้มเสมอเพื่อ อิสรภาพ นั้นด้วยความกล้าหาญ
ก็ต้องการรับรู้ถึงจุดจบที่อยากรู้มานาน
อย่างลึกๆอยู่ข้างใน หัวใจภายใต้ นภาที่ไม่หลับใหล

ก็รู้สึกว่าขอบตาเริ่มเร้าร้อนทุกครั้ง
เมื่อพบว่าอีกฝ่ายเป็นเพียงความทรงจำ
ขอเพียงต้องก้าวฝ่าย โชคชะตานั้น 
ไม่ว่าจะยากเย็นสักเพียงไหน

**ทำไมชั่วชีวิตพวกเรา ถึงต้องได้พบเจอกับแต่
คำพูดคำจาที่ราวกับว่าต้องการที่จะ
ทำลายชีวิตของเราตลอดและเสมอมา
ช่วยบอกฉันที ถึงเหตุผล ถึงความหมาย ช่วยบอกฉันที

เพียงแค่เราได้ยื่นมือออกไป ก็จะถึงจุดหมาย
อยากให้เรานั้นร่วมผจญเดินไปด้วยกัน ขอโทษฉันทำไม่ได้
คงเหมือนกับทำร้ายจิตใจคุณสินะ ที่ฉันเดินหันหลังมา
ทั้งที่ดวงตะวันยังคง ทอกระจ่างแสง อยู่เพียง ณ บนนภา

ก็เพราะรู้ว่าจุดมุ่งหมายที่จะไปถึง
ไม่ได้บริสุทธิ์สวยงามอะไรเลย 
อาจย้อมด้วยสีเชื้อชาติ ที่ตัวสั่นคลอ
เป็นเพราะกำลังกลัวอยู่ใช่มั้ย

ภายใต้แสงของดวงตะวัน ที่ทอในนภาเดียวกัน
ถ้าหากเรากลับมาอยู่เคียงข้างกันอีกครั้งล่ะ
เราจะสามารถเปลี่ยนแปลง จุดจบนั้นได้หรือป่าว
ขอพยายาม ลองใหม่อีกครั้ง จะได้มั้ย อีกเพียงครั้งเดียว

ขอเพียงต้องก้าวฝ่าย โชคชะตานั้น 
ไม่ว่าจะยากเย็นสักเพียงไหน

( *,** )

ภายใต้แสงของดวงตะวัน ที่ทอในนภาเดียวกัน
รู้ล่ะ ว่าทำไมพวกเราถึงต้องอยู่ด้วยกันเสมอ

ขอขอบคุณไทยซับ
https://www.youtube.com/watch?v=ajpQkdfwoXA

ขอขอบคุณคาราโอเกะ
https://www.youtube.com/watch?v=rewsyHi3wmI

ขอขอบคุณรูปภาพ
http://www.zerochan.net/1702169

และขอบคุณทุกท่านที่รับชมค่ะ ^_^",https://i.ytimg.com/vi/Lg0TiRxRO8s/hqdefault.jpg,available
"Meen Thaisub",https://www.youtube.com/@meenthaisub,UC3INtPxO33d5mSLLYRnxLgQ,120,"Sakurane(เสียงดอกซากุระ) [Thai ver by Meen]",https://www.youtube.com/watch?v=6ejs-N6V1Nc,6ejs-N6V1Nc,2015-01-10T08:39:40Z,04:07,"5,124","คือ......โปรแกรมทำวีดิโอมันเสียน่ะค่ะ ก็เลยขอเปลี่ยนมาร้องไทยแทน
*เป็นแค่นักร้องมือใหม่นะคะ ไม่ดีอย่าว่าหนูนะ

ขอขอบคุณเนื้อเพลง 
http://matora.exteen.com/20110618/translate-piko-sakurane

ขอขอบคุณคาราโอเกะ
 http://sannhac.com/s84553/Sakurane-PIKO-beat-karaoke.htm

ขอขอบคุณรูปภาพ
http://ecover.to/Download/1654369/Piko-Sakurane-Front.JPG

และขอบคุณทุกท่านที่รับชมค่ะ ^_^",https://i.ytimg.com/vi/6ejs-N6V1Nc/hqdefault.jpg,available
